Pattern_ID,Chinese_Pattern_Name,Clinical_Profile_Summary_CN,Cognitive_Impairment_Explanation_CN,AD_Relevance_Explanation_CN,Possible_AD_Stage_CN,Stage_Reason_CN,Differential_Diagnosis_Message_CN,Recommended_Assessment_Message_CN,Clinical_Caution_CN,Evidence_Summary_CN,Clinical_Uncertainty_CN
AD_PATTERN_001,记忆主导型AD相关轻度认知障碍评估线索,患者目前主要表现为近期记忆下降和新信息保持困难，反复询问等表现提示以情景记忆功能异常为主要临床特点，日常独立性受影响程度尚需进一步确认。,当前资料主要支持记忆功能异常，尤其是近期事件保持和新信息学习方面；执行、语言及视觉空间领域是否受累，仍需结合认知量表进一步筛查。,当前症状组合与记忆主导型认知损害模式存在一定一致性，该模式常见于阿尔茨海默病早期阶段，但仍需结合客观认知评估及辅助检查进一步判断。,根据当前认知表现和功能影响程度，患者情况可能接近AD相关轻度认知障碍（MCI due to AD）的评估范围，但需以客观认知测评和随访病程为依据。,疾病阶段辅助评估需同时参考认知域表现、功能影响程度、起病方式和病程进展；当前内容仅提示评估方向，不作阶段定论。,若存在急性或阶梯式下降、卒中史、显著情绪睡眠问题或药物影响，应进一步关注血管性认知障碍、抑郁相关认知改变及可逆性因素。,建议首先进行认知功能评估（如MoCA、MMSE，并根据需要完善神经心理测评），用于明确认知损害范围和主要受累领域；结合临床需要进一步完善头颅MRI，以评估脑结构改变并协助排除血管性或占位性病变；在诊断仍不明确或需要专科分层时，可考虑AD相关生物标志物检测。,本报告用于神经内科初诊场景下的临床信息整理和辅助判断，不作为自动诊断结论。,"本次辅助分析主要依据：
- 进行性近期记忆下降或反复询问；
- 新信息学习和保持困难；
- 日常独立性目前保留或仅轻度受影响；
- 需要结合客观认知测评确认记忆域改变。",以上结果基于当前录入信息进行辅助分析，不能替代临床诊断；需要结合完整病史、神经心理评估、体格检查及必要的辅助检查综合判断。
AD_PATTERN_002,主观记忆下降评估线索,患者目前以主观记忆下降为主要诉求，日常功能相对保留，临床上需要进一步区分正常老化、情绪睡眠因素与早期认知改变。,目前主要为主观记忆体验改变，尚不能仅凭主诉判断客观认知损害；应通过MoCA、MMSE或更完整神经心理测评确认受累领域。,主观记忆下降可见于AD连续谱早期，也常受情绪、睡眠和正常老化影响；当前信息更适合作为进一步筛查的线索。,目前更接近主观认知下降或早期认知改变的观察范围，是否已达到客观认知下降仍需通过量表和神经心理评估确认。,疾病阶段辅助评估需同时参考认知域表现、功能影响程度、起病方式和病程进展；当前内容仅提示评估方向，不作阶段定论。,建议进一步关注焦虑抑郁、睡眠障碍、甲状腺或维生素代谢异常等可影响主观记忆体验的因素。,建议首先进行认知筛查（如MoCA、MMSE）和情绪、睡眠评估，用于判断主观记忆下降是否伴客观认知改变；如量表提示异常或症状持续进展，可进一步完善头颅MRI和必要的实验室检查。,本报告用于神经内科初诊场景下的临床信息整理和辅助判断，不作为自动诊断结论。,"本次辅助分析主要依据：
- 患者或照护者报告记忆下降；
- 目前功能独立性相对保留；
- 需要客观量表确认是否存在认知下降；
- 情绪、睡眠和躯体因素仍需同步评估。",以上结果基于当前录入信息进行辅助分析，不能替代临床诊断；需要结合完整病史、神经心理评估、体格检查及必要的辅助检查综合判断。
AD_PATTERN_003,反复询问相关记忆改变评估线索,患者目前主要表现为反复询问、近期事件遗忘或新信息保持困难，记忆相关症状较为突出，可伴有轻度行为或注意线索。,记忆领域是当前最突出的观察重点，反复询问提示信息保持困难；行为、注意或执行相关表现如有伴随，应作为次要线索进一步追问。,反复询问和近期记忆保持困难与记忆主导型AD相关临床表现存在一致性，但需要通过客观测评确认是否达到认知损害标准。,若日常独立性基本保留，患者情况可能接近AD相关轻度认知障碍的评估范围；如功能影响加重，则需进一步评估是否进入痴呆阶段。,疾病阶段辅助评估需同时参考认知域表现、功能影响程度、起病方式和病程进展；当前内容仅提示评估方向，不作阶段定论。,若反复行为并非遗忘所致，或伴强迫样行为、明显人格改变，应进一步关注额颞叶相关疾病和精神行为因素。,建议首先进行认知功能评估（如MoCA、MMSE，并根据需要完善神经心理测评），用于明确认知损害范围和主要受累领域；结合临床需要进一步完善头颅MRI，以评估脑结构改变并协助排除血管性或占位性病变；在诊断仍不明确或需要专科分层时，可考虑AD相关生物标志物检测。,本报告用于神经内科初诊场景下的临床信息整理和辅助判断，不作为自动诊断结论。,"本次辅助分析主要依据：
- 反复询问或近期事件遗忘较突出；
- 新信息保持困难提示记忆线索；
- 功能影响程度尚未达到明确重度受限；
- 需排除非遗忘所致的重复行为。",以上结果基于当前录入信息进行辅助分析，不能替代临床诊断；需要结合完整病史、神经心理评估、体格检查及必要的辅助检查综合判断。
AD_PATTERN_004,认知改变伴工具性生活活动受影响评估线索,患者目前主要表现为记忆下降并伴复杂事务处理能力减退，工具性生活活动受到影响，提示认知改变已开始进入日常功能层面。,当前资料以记忆功能异常和复杂日常任务下降为主要线索，执行功能可能同时参与；具体受累范围需通过认知域测评和功能量表确认。,记忆下降合并工具性生活活动受影响与AD相关痴呆评估路径存在一定一致性，但仍需排除血管性、药物性或情绪相关因素。,认知改变已可能影响工具性生活活动，病情程度可能接近AD相关痴呆阶段的评估范围，但仍需结合功能量表和病因鉴别综合判断。,疾病阶段辅助评估需同时参考认知域表现、功能影响程度、起病方式和病程进展；当前内容仅提示评估方向，不作阶段定论。,若功能下降与卒中、帕金森样症状、躯体衰弱或药物镇静相关，应进一步关注血管性、运动障碍相关或非认知因素。,建议首先进行认知功能评估（如MoCA、MMSE，并根据需要完善神经心理测评），用于明确认知损害范围和主要受累领域；结合临床需要进一步完善头颅MRI，以评估脑结构改变并协助排除血管性或占位性病变；在诊断仍不明确或需要专科分层时，可考虑AD相关生物标志物检测。,本报告用于神经内科初诊场景下的临床信息整理和辅助判断，不作为自动诊断结论。,"本次辅助分析主要依据：
- 近期记忆下降伴复杂事务处理困难；
- 工具性生活活动已受到影响；
- 功能变化有助于区分MCI与痴呆阶段；
- 起病方式和血管危险因素需进一步核实。",以上结果基于当前录入信息进行辅助分析，不能替代临床诊断；需要结合完整病史、神经心理评估、体格检查及必要的辅助检查综合判断。
AD_PATTERN_005,多认知领域改变评估线索,患者目前表现不局限于单一认知领域，记忆下降可能为主要问题，同时可见执行、语言或视觉空间相关线索，需进一步明确主次关系。,当前资料提示多认知领域可能受累，但仍需区分主要受累领域与伴随线索；记忆功能、执行功能和语言或视觉空间表现应分层评估。,多认知域改变可见于AD相关临床综合征，但并不具有特异性；需要结合起病方式、进展速度和辅助检查判断其相关性。,目前表现提示多认知域受累的可能，疾病阶段需根据日常功能影响程度进一步区分轻度认知障碍与痴呆阶段。,疾病阶段辅助评估需同时参考认知域表现、功能影响程度、起病方式和病程进展；当前内容仅提示评估方向，不作阶段定论。,多认知域表现需要进一步关注血管性认知障碍、路易体相关认知障碍、抑郁相关认知改变及混合病因可能。,建议首先进行认知功能评估（如MoCA、MMSE，并根据需要完善神经心理测评），用于明确认知损害范围和主要受累领域；结合临床需要进一步完善头颅MRI，以评估脑结构改变并协助排除血管性或占位性病变；在诊断仍不明确或需要专科分层时，可考虑AD相关生物标志物检测。,本报告用于神经内科初诊场景下的临床信息整理和辅助判断，不作为自动诊断结论。,"本次辅助分析主要依据：
- 认知改变可能涉及多个领域；
- 记忆下降为重要观察线索；
- 功能状态决定阶段评估方向；
- 需结合病程和排除信息判断临床相关性。",以上结果基于当前录入信息进行辅助分析，不能替代临床诊断；需要结合完整病史、神经心理评估、体格检查及必要的辅助检查综合判断。
AD_PATTERN_006,多认知领域改变伴日常功能影响评估线索,患者目前呈多认知领域改变并伴较明确的日常功能影响，临床上应关注认知下降对独立生活能力的实际影响。,多认知领域改变合并功能影响时，应重点评估记忆、执行和日常生活能力之间的关系，并确认是否存在可逆或混合因素。,多认知域改变合并功能影响与AD相关痴呆临床表现存在一致性，但该模式同样可见于混合性或其他神经退行性疾病。,结合多认知域表现和功能影响，患者情况可能接近痴呆阶段的评估范围，但不宜仅凭症状录入作阶段定性。,疾病阶段辅助评估需同时参考认知域表现、功能影响程度、起病方式和病程进展；当前内容仅提示评估方向，不作阶段定论。,建议进一步关注血管危险因素、卒中史、帕金森样表现、认知波动和药物影响，以识别混合性或非AD病因。,建议首先进行认知功能评估（如MoCA、MMSE，并根据需要完善神经心理测评），用于明确认知损害范围和主要受累领域；结合临床需要进一步完善头颅MRI，以评估脑结构改变并协助排除血管性或占位性病变；在诊断仍不明确或需要专科分层时，可考虑AD相关生物标志物检测。,本报告用于神经内科初诊场景下的临床信息整理和辅助判断，不作为自动诊断结论。,"本次辅助分析主要依据：
- 多认知领域改变伴日常功能影响；
- 功能下降程度提示需要阶段评估；
- 需确认功能受限是否由认知改变导致；
- 混合性或非AD因素仍需鉴别。",以上结果基于当前录入信息进行辅助分析，不能替代临床诊断；需要结合完整病史、神经心理评估、体格检查及必要的辅助检查综合判断。
AD_PATTERN_007,执行功能相关认知改变评估线索,患者目前以计划、判断或复杂任务处理困难较为突出，执行功能相关表现需要与记忆、情绪及额叶相关疾病线索共同分析。,当前资料主要指向执行功能相关困难，记忆受累程度尚需进一步确认；若早期行为改变突出，应同步评估额叶相关疾病线索。,执行功能突出改变可与AD相关多认知域损害并存，但若记忆下降不明确，应谨慎解释其AD相关性。,当前资料更多提示执行功能相关认知改变，阶段判断应结合记忆测评结果和工具性生活活动受影响程度进一步明确。,疾病阶段辅助评估需同时参考认知域表现、功能影响程度、起病方式和病程进展；当前内容仅提示评估方向，不作阶段定论。,执行功能突出时，应进一步关注额颞叶痴呆、血管性认知障碍、抑郁相关认知改变及睡眠障碍。,建议首先进行认知功能评估（如MoCA、MMSE，并根据需要完善神经心理测评），用于明确认知损害范围和主要受累领域；结合临床需要进一步完善头颅MRI，以评估脑结构改变并协助排除血管性或占位性病变；在诊断仍不明确或需要专科分层时，可考虑AD相关生物标志物检测。,本报告用于神经内科初诊场景下的临床信息整理和辅助判断，不作为自动诊断结论。,"本次辅助分析主要依据：
- 计划、判断或复杂任务处理困难；
- 执行功能线索较突出；
- 功能状态需作为阶段判断依据；
- 需结合记忆测评和行为表现鉴别。",以上结果基于当前录入信息进行辅助分析，不能替代临床诊断；需要结合完整病史、神经心理评估、体格检查及必要的辅助检查综合判断。
AD_PATTERN_008,语言主导型非典型AD相关评估线索,患者目前以找词困难、命名困难或语言表达不流畅为突出表现，语言相关症状较为醒目，记忆和其他认知领域仍需系统评估。,语言功能是当前主要关注领域，表现可能涉及命名、找词或表达流畅性；记忆和执行功能属于需要进一步评估的伴随领域。,语言主导型表现可见于非典型AD相关临床模式，尤其需结合语言分型、影像学和生物标志物信息进一步判断。,语言表现突出时可能处于非典型AD相关认知障碍的评估范围，阶段判断需结合语言评估、记忆测评和功能影响程度。,疾病阶段辅助评估需同时参考认知域表现、功能影响程度、起病方式和病程进展；当前内容仅提示评估方向，不作阶段定论。,语言主导表现需要进一步关注原发性进行性失语不同亚型、额颞叶变性以及卒中后失语等情况。,建议首先进行语言功能和总体认知评估，用于明确命名、找词、复述和理解受影响程度；结合头颅MRI评估优势半球语言网络及其他脑结构改变，必要时再考虑AD相关生物标志物。,本报告用于神经内科初诊场景下的临床信息整理和辅助判断，不作为自动诊断结论。,"本次辅助分析主要依据：
- 找词、命名或表达流畅性下降；
- 语言表现早期较突出；
- 需同步评估记忆和执行功能；
- 非典型AD及其他语言障碍均需鉴别。",以上结果基于当前录入信息进行辅助分析，不能替代临床诊断；需要结合完整病史、神经心理评估、体格检查及必要的辅助检查综合判断。
AD_PATTERN_009,logopenic样语言障碍评估线索,患者目前以找词困难和语句组织困难为主要表现，整体呈语言主导型认知改变线索，需要进一步确认是否符合logopenic样语言障碍特征。,当前资料主要支持语言主导型改变，尤其是找词和语句组织方面；复述、命名、理解和情景记忆测评有助于进一步分型。,logopenic样语言障碍与AD病理背景可存在相关性，但临床上需与其他原发性进行性失语亚型鉴别。,目前表现可能接近语言主导型认知障碍的评估范围，是否属于AD相关病理背景需结合客观语言测评和辅助检查进一步判断。,疾病阶段辅助评估需同时参考认知域表现、功能影响程度、起病方式和病程进展；当前内容仅提示评估方向，不作阶段定论。,建议进一步关注非流畅型或语义型原发性进行性失语、卒中后语言障碍及其他局灶性脑病变。,建议完善语言专项神经心理评估，用于区分不同原发性进行性失语亚型；结合头颅MRI或功能影像评估语言网络受累特点，必要时考虑AD相关生物标志物检测。,本报告用于神经内科初诊场景下的临床信息整理和辅助判断，不作为自动诊断结论。,"本次辅助分析主要依据：
- 找词困难和语句组织困难较突出；
- 语言网络相关表现需要分型；
- 需评估复述、命名和理解能力；
- 卒中后语言障碍等情况需排除。",以上结果基于当前录入信息进行辅助分析，不能替代临床诊断；需要结合完整病史、神经心理评估、体格检查及必要的辅助检查综合判断。
AD_PATTERN_010,视觉空间和导航困难评估线索,患者目前主要表现为方向感下降、熟悉环境中迷路或空间判断困难，提示视觉空间和导航相关能力可能受到影响。,视觉空间能力和定向导航是当前主要关注领域，记忆和执行功能可能作为伴随线索；需排除眼科或外周视觉因素影响。,视觉空间和导航障碍可见于AD相关后部认知网络受累，但需结合眼科评估、影像学和其他认知域表现综合判断。,视觉空间和导航相关表现提示可能存在后部认知网络受累，阶段判断需结合日常功能影响和影像学检查进一步评估。,疾病阶段辅助评估需同时参考认知域表现、功能影响程度、起病方式和病程进展；当前内容仅提示评估方向，不作阶段定论。,视觉空间表现突出时，应进一步关注眼科疾病、脑血管病、路易体相关认知障碍和后部皮质病变。,建议进行认知功能评估并重点覆盖视觉空间和执行功能项目，用于明确导航和空间判断困难的认知基础；同时完善头颅MRI，并根据情况进行眼科评估。,本报告用于神经内科初诊场景下的临床信息整理和辅助判断，不作为自动诊断结论。,"本次辅助分析主要依据：
- 方向感下降、迷路或空间判断困难；
- 视觉空间和导航能力为主要线索；
- 眼科因素和结构性病变需排除；
- 功能影响程度决定后续阶段评估。",以上结果基于当前录入信息进行辅助分析，不能替代临床诊断；需要结合完整病史、神经心理评估、体格检查及必要的辅助检查综合判断。
AD_PATTERN_011,后皮质视觉空间主导型评估线索,患者目前以视觉空间判断、阅读定位或复杂视觉处理困难为突出表现，后部皮质相关认知网络受累线索值得关注。,当前资料主要支持视觉空间及复杂视觉处理相关异常，语言、记忆和执行功能是否继发受影响需要进一步评估。,后皮质受累样表现与非典型AD相关模式存在一定一致性，但需排除原发眼科疾病、卒中和其他后部皮质病变。,若视觉空间症状持续进展且眼科因素不足以解释，患者情况可能接近后皮质受累相关认知障碍的评估范围。,疾病阶段辅助评估需同时参考认知域表现、功能影响程度、起病方式和病程进展；当前内容仅提示评估方向，不作阶段定论。,建议进一步关注原发眼科疾病、卒中或肿瘤等结构性病变，以及其他导致后部皮质功能异常的疾病。,建议完善视觉空间、阅读、计算和复杂视觉处理相关评估，用于判断后部皮质功能受累范围；结合头颅MRI排查结构性病变，必要时再考虑AD相关生物标志物。,本报告用于神经内科初诊场景下的临床信息整理和辅助判断，不作为自动诊断结论。,"本次辅助分析主要依据：
- 复杂视觉处理或空间定位困难；
- 后部皮质相关表现较突出；
- 需确认眼科疾病不足以解释症状；
- 影像学检查对定位判断较重要。",以上结果基于当前录入信息进行辅助分析，不能替代临床诊断；需要结合完整病史、神经心理评估、体格检查及必要的辅助检查综合判断。
AD_PATTERN_012,行为表现伴认知下降评估线索,患者目前存在情绪、兴趣或行为方面改变，并伴不同程度认知下降线索，需关注行为症状与认知症状的先后关系。,行为精神表现是重要临床线索，但其本身不能替代认知域判断；需进一步明确记忆、执行和社会认知等领域受影响程度。,行为精神症状可出现在AD病程中，但若早期即为突出表现，应谨慎评估额颞叶痴呆、路易体相关疾病及精神科因素。,行为精神表现伴随认知下降时，阶段评估需同时考虑认知损害程度、功能影响和症状出现先后顺序。,疾病阶段辅助评估需同时参考认知域表现、功能影响程度、起病方式和病程进展；当前内容仅提示评估方向，不作阶段定论。,若行为改变早于记忆下降或人格改变明显，应进一步关注额颞叶痴呆、精神障碍、药物影响及照护环境因素。,建议在认知筛查基础上补充行为精神症状量表和照护者访谈，用于明确行为改变的时间顺序和严重程度；结合头颅MRI及必要实验室检查排除可逆因素。,本报告用于神经内科初诊场景下的临床信息整理和辅助判断，不作为自动诊断结论。,"本次辅助分析主要依据：
- 情绪、兴趣或行为改变较明显；
- 同时存在认知下降线索；
- 症状出现先后顺序影响鉴别方向；
- 早期人格改变需谨慎解释AD相关性。",以上结果基于当前录入信息进行辅助分析，不能替代临床诊断；需要结合完整病史、神经心理评估、体格检查及必要的辅助检查综合判断。
AD_PATTERN_013,痴呆相关精神行为症状鉴别评估线索,患者目前精神行为症状较为明显，如幻觉、妄想或显著行为改变，同时需要评估其与认知下降、药物和躯体疾病之间的关系。,精神行为症状较突出时，应同时评估注意、意识水平、睡眠和药物因素；认知域分析需在稳定状态下完成。,精神病性症状可见于痴呆相关综合征，但对AD相关性的提示有限，应优先关注症状急慢性、波动性和药物躯体因素。,精神行为症状明显时，当前更适合纳入痴呆相关精神行为症状及其他病因的综合评估范围。,疾病阶段辅助评估需同时参考认知域表现、功能影响程度、起病方式和病程进展；当前内容仅提示评估方向，不作阶段定论。,出现幻觉、妄想或明显行为异常时，应进一步关注路易体相关认知障碍、谵妄、药物不良反应及精神科疾病。,建议首先评估意识状态、感染代谢因素、用药情况和睡眠情况，用于排除谵妄或药物相关影响；稳定后再完成认知评估、头颅MRI和必要的专科检查。,本报告用于神经内科初诊场景下的临床信息整理和辅助判断，不作为自动诊断结论。,"本次辅助分析主要依据：
- 幻觉、妄想或明显行为异常；
- 需确认意识状态和用药影响；
- 精神行为症状需与认知下降关系并行评估；
- 路易体相关和谵妄方向需重点关注。",以上结果基于当前录入信息进行辅助分析，不能替代临床诊断；需要结合完整病史、神经心理评估、体格检查及必要的辅助检查综合判断。
AD_PATTERN_014,注意功能相关多认知域评估线索,患者目前以注意维持困难、认知波动或多任务处理下降为重要线索，记忆表现和意识状态变化需进一步梳理。,注意功能和认知波动是当前主要关注点，记忆、执行和视觉空间表现可能受注意状态影响，需要分时段和多来源信息验证。,注意功能改变或认知波动并非典型AD早期核心表现，若较为突出，需要强化路易体相关疾病、谵妄和睡眠障碍等方向评估。,注意功能或认知波动突出时，阶段判断不宜过早归入AD连续谱，应先明确是否存在谵妄、睡眠障碍、药物影响或路易体相关线索。,疾病阶段辅助评估需同时参考认知域表现、功能影响程度、起病方式和病程进展；当前内容仅提示评估方向，不作阶段定论。,注意障碍或波动明显时，应进一步关注谵妄、路易体相关认知障碍、睡眠障碍、感染代谢异常和药物影响。,建议优先评估注意、意识波动、睡眠和用药情况，用于排除谵妄和可逆因素；随后进行认知量表、头颅MRI，并根据临床线索考虑路易体相关评估。,本报告用于神经内科初诊场景下的临床信息整理和辅助判断，不作为自动诊断结论。,"本次辅助分析主要依据：
- 注意维持困难或认知波动；
- 多认知域表现可能受注意状态影响；
- 急性注意障碍需先排除谵妄；
- 睡眠、药物和代谢因素需同步核查。",以上结果基于当前录入信息进行辅助分析，不能替代临床诊断；需要结合完整病史、神经心理评估、体格检查及必要的辅助检查综合判断。
AD_PATTERN_015,基本日常生活能力受影响的进展期评估线索,患者目前认知改变已可能影响基本生活活动，照护需求和安全风险需要在初诊评估中同步记录。,基本生活活动受影响提示功能层面问题较重，但需进一步判断是由记忆、执行、视觉空间等认知改变导致，还是由躯体功能下降造成。,认知改变伴基本生活活动受影响可见于进展期AD相关痴呆表现，但功能下降来源仍需通过病史和查体加以确认。,基本生活活动已受影响时，病情可能接近进展期痴呆阶段的评估范围，但需确认功能下降是否由认知障碍本身所致。,疾病阶段辅助评估需同时参考认知域表现、功能影响程度、起病方式和病程进展；当前内容仅提示评估方向，不作阶段定论。,基本生活活动下降时，应进一步关注卒中后遗症、帕金森综合征、衰弱、抑郁和照护不足等非认知因素。,建议同步进行认知功能评估、日常生活能力量表和照护需求评估，用于明确认知下降与功能受限之间的关系；结合头颅MRI和基础实验室检查评估可干预因素。,本报告用于神经内科初诊场景下的临床信息整理和辅助判断，不作为自动诊断结论。,"本次辅助分析主要依据：
- 基本生活活动已受到影响；
- 功能下降提示需要评估照护需求；
- 需确认认知改变与功能受限的因果关系；
- 躯体衰弱、卒中或运动障碍需鉴别。",以上结果基于当前录入信息进行辅助分析，不能替代临床诊断；需要结合完整病史、神经心理评估、体格检查及必要的辅助检查综合判断。
AD_PATTERN_016,非遗忘型功能下降评估线索,患者目前以非记忆主导的认知改变和功能下降为主要线索，临床解释需避免过早归因于单一疾病。,当前资料以非遗忘型认知改变为主，主要受累领域可能在语言、执行或视觉空间系统；记忆功能是否相对保留需客观测评确认。,非遗忘型功能下降与AD相关性的判断不宜过早，需要与额颞叶、血管性、路易体及其他病因进行并行评估。,非遗忘型表现伴功能下降时，阶段上可能已进入需要系统评估的认知障碍范围，但病因方向仍需谨慎鉴别。,疾病阶段辅助评估需同时参考认知域表现、功能影响程度、起病方式和病程进展；当前内容仅提示评估方向，不作阶段定论。,非遗忘型起病需进一步关注额颞叶痴呆、原发性进行性失语、后皮质萎缩、血管性认知障碍和路易体相关疾病。,建议首先进行认知功能评估（如MoCA、MMSE，并根据需要完善神经心理测评），用于明确认知损害范围和主要受累领域；结合临床需要进一步完善头颅MRI，以评估脑结构改变并协助排除血管性或占位性病变；在诊断仍不明确或需要专科分层时，可考虑AD相关生物标志物检测。,本报告用于神经内科初诊场景下的临床信息整理和辅助判断，不作为自动诊断结论。,"本次辅助分析主要依据：
- 非记忆主导表现伴功能下降；
- 语言、执行或视觉空间线索可能更突出；
- 记忆功能是否相对保留需客观确认；
- 需并行评估FTD、血管性和路易体相关疾病。",以上结果基于当前录入信息进行辅助分析，不能替代临床诊断；需要结合完整病史、神经心理评估、体格检查及必要的辅助检查综合判断。
AD_PATTERN_017,AD相关临床模式证据不足评估线索,患者目前录入信息尚未形成清晰的AD相关临床表现组合，建议补充症状起病方式、进展速度、功能影响和家属观察信息。,当前资料不足以稳定划分主要受累认知领域，建议补充标准化问诊和量表结果后再进行领域归纳。,当前症状组合与典型AD相关临床模式的一致性不足，建议作为待完善资料的辅助记录，而非模式性判断。,当前录入信息尚不足以支持明确的AD相关临床模式或阶段判断，建议补充病史、量表和随访资料后重新评估。,疾病阶段辅助评估需同时参考认知域表现、功能影响程度、起病方式和病程进展；当前内容仅提示评估方向，不作阶段定论。,建议根据后续资料进一步关注情绪睡眠问题、药物影响、代谢性因素、脑血管病及其他可逆性认知改变。,建议先补充标准化病史采集、照护者访谈和基础认知筛查，用于明确是否存在稳定的认知下降；若资料提示进展性改变，再进一步完善影像学和专科评估。,本报告用于神经内科初诊场景下的临床信息整理和辅助判断，不作为自动诊断结论。,"本次辅助分析主要依据：
- 当前症状组合尚不充分；
- 功能状态和病程信息仍需补充；
- 暂未形成稳定AD相关临床模式；
- 建议补充量表、家属访谈和随访资料。",以上结果基于当前录入信息进行辅助分析，不能替代临床诊断；需要结合完整病史、神经心理评估、体格检查及必要的辅助检查综合判断。
