Report_ID,Pattern_ID,Patient_Summary_Module_CN,Cognitive_Profile_Module_CN,AD_Relevance_Module_CN,Stage_Assessment_Module_CN,Differential_Module_CN,Assessment_Module_CN,Caution_Module_CN,Evidence_Module_CN,Evidence_Summary_CN,Clinical_Uncertainty_CN,Clinical_Key_Point_CN,Further_Interview_Guidance_CN,Negative_Findings_CN,Clinical_Summary_Card_CN,Assessment_Priority_CN,Assessment_Purpose_CN,Clinical_Information_Completeness_CN,Important_Clinical_Considerations_CN,Frontend_Display_Order_CN,Priority_Clinical_Concern_CN,Current_Clinical_Status_CN,Recommended_Next_Action_CN,Clinical_Overall_Impression_CN,Specialist_Referral_Suggestion_CN,Doctor_Note_CN,System_Description_CN,Clinical_Severity_Interpretation_CN
AD_STRUCT_REPORT_CN_001,AD_PATTERN_001,患者目前主要表现为近期记忆下降和新信息保持困难，反复询问等表现提示以情景记忆功能异常为主要临床特点，日常独立性受影响程度尚需进一步确认。,主要受累领域：记忆功能。可能涉及领域：暂无明确其他认知领域阳性线索。尚需评估领域：执行、语言、视觉空间及功能影响程度。,AD相关临床模式分析：当前主要表现为单领域记忆相关认知改变，与记忆主导型AD相关认知改变方向存在一定一致性，仍需结合客观认知评估和功能状态进一步判断。,疾病阶段辅助评估：根据当前认知表现及功能影响程度，患者情况可能接近AD相关轻度认知障碍（MCI due to AD）的评估范围，仍需结合客观认知测试和功能评估进一步判断。,"疾病方向：血管性认知障碍
关注原因：若存在卒中史、血管危险因素或阶梯式认知下降，需要进一步评估。
疾病方向：抑郁或睡眠相关认知改变
关注原因：若记忆主诉与情绪低落、焦虑、失眠或日间嗜睡密切相关，应同步评估。","检查项目：MoCA/MMSE及必要的神经心理测评
优先级：一级：优先建议
目的：明确整体认知水平、主要受累领域及是否存在客观认知下降。
检查项目：头颅MRI及基础实验室检查
优先级：二级：建议完善
目的：评估脑结构改变，并辅助排除血管性、代谢性、药物性或其他可逆原因。
检查项目：AD相关生物标志物（血液标志物、脑脊液Aβ/tau检测或PET）
优先级：三级：根据需要考虑
目的：在临床判断仍不明确或需要专科分层时，进一步评估AD相关病理改变。",本报告用于神经内科门诊初诊场景下的临床信息整理和辅助评估，不替代医生完成最终临床判断。,"本次辅助分析主要依据：
- 进行性近期记忆下降或反复询问；
- 新信息学习和保持困难；
- 日常独立性目前保留或仅轻度受影响；
- 需要结合客观认知测评确认记忆域改变。","本次辅助分析主要依据：
- 进行性近期记忆下降或反复询问；
- 新信息学习和保持困难；
- 日常独立性目前保留或仅轻度受影响；
- 需要结合客观认知测评确认记忆域改变。",以上结果基于当前录入信息进行辅助分析，不能替代临床诊断；需要结合完整病史、神经心理评估、体格检查及必要的辅助检查综合判断。,当前重点关注患者进行性近期记忆下降及其对日常生活能力的影响，需要进一步明确认知变化是否持续进展。,建议进一步询问：起病时间和进展速度；是否反复询问或遗忘近期事件；是否影响服药、财务、出行或日程安排；家属是否观察到持续变化；是否存在情绪、睡眠或药物因素。,当前未记录明显快速认知下降、视觉幻觉、早期突出行为改变或卒中相关阶梯式下降，仍需结合完整病史进一步确认。,"【主要临床表现】患者目前主要表现为进行性近期记忆下降及新信息保持困难。
【主要受累领域】当前主要关注记忆功能领域。
【当前评估方向】临床表现与记忆主导型AD相关认知改变评估方向存在一定一致性，需要结合病史、认知评估和辅助检查综合判断。
【建议下一步】进一步完善认知功能评估，并结合病史、功能变化及辅助检查综合判断。",MoCA/MMSE：一级：优先建议；头颅MRI及基础实验室检查：二级：建议完善；AD相关生物标志物：三级：根据需要考虑。,MoCA/MMSE用于明确整体认知水平和主要受累领域；头颅MRI及基础实验室检查用于评估脑结构改变并排除其他导致认知下降的因素；AD相关生物标志物用于在需要进一步明确AD病理改变时考虑。,信息部分缺失：建议补充病程变化、日常生活能力影响和家属观察情况。,认知变化可能受到年龄相关变化、抑郁情绪、睡眠问题、药物影响、代谢因素和血管危险因素共同影响，建议结合完整病史和相关检查综合评估。,1. 临床摘要卡片；2. 患者基本信息；3. 主要临床表现总结；4. 认知领域分析；5. AD相关临床模式分析；6. 疾病阶段辅助评估；7. 鉴别诊断方向；8. 建议进一步完善的评估项目；9. 后续问诊建议；10. 判断依据；11. 系统说明。,当前重点关注：患者近期记忆下降是否呈持续进展，以及是否已经影响复杂日常活动能力。,当前资料提示患者存在以记忆功能异常为主的认知表现，功能影响程度需要进一步明确。,建议完善认知功能评估，并进一步了解症状进展及日常生活能力变化。,初步临床印象：当前患者主要表现为进行性近期记忆下降及新信息保持困难，临床表现与AD相关认知改变方向存在一定一致性，建议结合认知评估、功能评估及辅助检查进一步判断。,建议神经内科进一步完善认知功能评估、功能评估及病因学相关检查。,医生补充备注：医生可根据问诊、查体及患者家属补充信息进行记录。示例：家属补充患者近半年记忆下降明显，夜间睡眠质量下降。,本系统基于患者当前录入的临床表现、标准化医学概念以及医学知识规则进行辅助分析，用于帮助医生整理症状特点、明确评估方向并提供进一步检查建议。系统输出不能替代医生诊断，最终判断需结合患者完整病史、体格检查、神经心理评估及辅助检查结果综合确定。,functional_decline=0或1：认知变化目前未明显影响日常独立性，或仅表现为复杂任务能力受到轻度影响。
AD_STRUCT_REPORT_CN_002,AD_PATTERN_002,患者目前以主观记忆下降为主要诉求，日常功能相对保留，临床上需要进一步区分正常老化、情绪睡眠因素与早期认知改变。,主要受累领域：主观记忆体验。可能涉及领域：客观记忆功能尚未确认。尚需评估领域：注意、情绪睡眠状态、日常功能及神经心理测评结果。,AD相关临床模式分析：主观记忆下降可作为进一步筛查线索，但当前资料尚不足以支持明确AD相关临床模式，需要结合客观认知评估和随访观察。,疾病阶段辅助评估：目前可考虑主观认知下降或早期认知改变的观察范围，是否进入客观认知损害阶段仍需结合量表、家属观察和随访资料。,"疾病方向：情绪睡眠相关认知改变
关注原因：主观记忆下降常受焦虑、抑郁和睡眠质量影响，需要进一步询问。
疾病方向：正常老化或压力相关表现
关注原因：若客观测评正常且日常功能稳定，应结合随访观察。","检查项目：MoCA/MMSE及必要的神经心理测评
优先级：一级：优先建议
目的：明确整体认知水平、主要受累领域及是否存在客观认知下降。
检查项目：头颅MRI及基础实验室检查
优先级：二级：建议完善
目的：评估脑结构改变，并辅助排除血管性、代谢性、药物性或其他可逆原因。
检查项目：AD相关生物标志物（血液标志物、脑脊液Aβ/tau检测或PET）
优先级：三级：根据需要考虑
目的：在临床判断仍不明确或需要专科分层时，进一步评估AD相关病理改变。",本报告用于神经内科门诊初诊场景下的临床信息整理和辅助评估，不替代医生完成最终临床判断。,"本次辅助分析主要依据：
- 患者或照护者报告记忆下降；
- 目前功能独立性相对保留；
- 需要客观量表确认是否存在认知下降；
- 情绪、睡眠和躯体因素仍需同步评估。","本次辅助分析主要依据：
- 患者或照护者报告记忆下降；
- 目前功能独立性相对保留；
- 需要客观量表确认是否存在认知下降；
- 情绪、睡眠和躯体因素仍需同步评估。",以上结果基于当前录入信息进行辅助分析，不能替代临床诊断；需要结合完整病史、神经心理评估、体格检查及必要的辅助检查综合判断。,当前重点关注主观记忆下降是否具有持续性和客观测评依据，同时评估情绪、睡眠和日常压力对记忆体验的影响。,建议进一步询问：主观记忆下降持续多久；是否被家属或同事观察到；是否影响工作和家务安排；近期是否存在焦虑、抑郁、睡眠差或压力事件；既往认知水平和教育背景。,当前未记录客观量表异常、明确日常功能下降或典型进展性病程，仍需补充家属观察和标准化测评。,"【主要临床表现】患者目前主要表现为主观记忆下降。
【主要受累领域】当前主要关注主观记忆体验与客观筛查领域。
【当前评估方向】临床表现与早期认知改变、情绪睡眠因素或年龄相关变化的评估方向存在一定一致性，需要结合病史、认知评估和辅助检查综合判断。
【建议下一步】先完善认知筛查，并补充家属观察、情绪睡眠状态和日常功能信息。",MoCA/MMSE：一级：优先建议；头颅MRI及基础实验室检查：二级：建议完善；AD相关生物标志物：三级：根据需要考虑。,MoCA/MMSE用于明确整体认知水平和主要受累领域；头颅MRI及基础实验室检查用于评估脑结构改变并排除其他导致认知下降的因素；AD相关生物标志物用于在需要进一步明确AD病理改变时考虑。,信息部分缺失：建议补充客观认知筛查结果、家属观察及情绪睡眠信息。,主观记忆下降尤其需要关注焦虑抑郁、睡眠质量、近期压力事件、药物影响和正常老化因素，建议结合家属观察和客观量表判断。,1. 临床摘要卡片；2. 患者基本信息；3. 主要临床表现总结；4. 认知领域分析；5. AD相关临床模式分析；6. 疾病阶段辅助评估；7. 鉴别诊断方向；8. 建议进一步完善的评估项目；9. 后续问诊建议；10. 判断依据；11. 系统说明。,当前重点关注：主观记忆下降是否可被家属观察到，以及是否存在情绪、睡眠或压力相关因素。,当前资料主要为主观记忆下降线索，尚需确认是否存在客观认知改变。,建议先完成基础认知筛查，并补充家属观察、情绪睡眠状态和近期压力因素。,初步临床印象：当前患者以主观记忆下降为主要诉求，暂需进一步确认是否存在客观认知改变，并建议同步评估情绪、睡眠及日常压力因素。,当前临床信息部分缺失，建议完善病史采集、家属观察和基础认知检查后综合判断。,医生补充备注：医生可根据问诊、查体及患者家属补充信息进行记录。示例：家属补充患者近半年记忆下降明显，夜间睡眠质量下降。,本系统基于患者当前录入的临床表现、标准化医学概念以及医学知识规则进行辅助分析，用于帮助医生整理症状特点、明确评估方向并提供进一步检查建议。系统输出不能替代医生诊断，最终判断需结合患者完整病史、体格检查、神经心理评估及辅助检查结果综合确定。,functional_decline=0：认知变化目前未明显影响日常独立性。
AD_STRUCT_REPORT_CN_003,AD_PATTERN_003,患者目前主要表现为反复询问、近期事件遗忘或新信息保持困难，记忆相关症状较为突出，可伴有轻度行为或注意线索。,主要受累领域：记忆功能。可能涉及领域：注意或行为表现可能影响重复询问。尚需评估领域：执行、语言、视觉空间及重复行为来源。,AD相关临床模式分析：反复询问和近期记忆保持困难提示记忆相关认知改变方向；若功能影响加重，应转入功能优先的阶段评估路径。,疾病阶段辅助评估：若日常独立性基本保留，可考虑接近AD相关轻度认知障碍的评估范围；如功能影响加重，需要进一步评估是否进入痴呆阶段。,"疾病方向：额颞叶相关疾病或精神行为因素
关注原因：若重复行为并非遗忘所致，或伴明显人格改变、强迫样行为，需要重点鉴别。
疾病方向：血管性或急性可逆因素
关注原因：若症状突然出现或进展很快，需要排查脑血管和代谢因素。","检查项目：MoCA/MMSE及必要的神经心理测评
优先级：一级：优先建议
目的：明确整体认知水平、主要受累领域及是否存在客观认知下降。
检查项目：头颅MRI及基础实验室检查
优先级：二级：建议完善
目的：评估脑结构改变，并辅助排除血管性、代谢性、药物性或其他可逆原因。
检查项目：AD相关生物标志物（血液标志物、脑脊液Aβ/tau检测或PET）
优先级：三级：根据需要考虑
目的：在临床判断仍不明确或需要专科分层时，进一步评估AD相关病理改变。",本报告用于神经内科门诊初诊场景下的临床信息整理和辅助评估，不替代医生完成最终临床判断。,"本次辅助分析主要依据：
- 反复询问或近期事件遗忘较突出；
- 新信息保持困难提示记忆线索；
- 功能影响程度尚未达到明确重度受限；
- 需排除非遗忘所致的重复行为。","本次辅助分析主要依据：
- 反复询问或近期事件遗忘较突出；
- 新信息保持困难提示记忆线索；
- 功能影响程度尚未达到明确重度受限；
- 需排除非遗忘所致的重复行为。",以上结果基于当前录入信息进行辅助分析，不能替代临床诊断；需要结合完整病史、神经心理评估、体格检查及必要的辅助检查综合判断。,当前重点关注反复询问是否源于新信息保持困难，并判断该表现是否已影响日常安排和独立生活。,建议进一步询问：反复询问发生频率和场景；提示后能否回忆；是否伴遗忘约定、物品放置或重复购买；家属是否发现进行性加重；是否存在强迫样重复行为。,当前未记录明显视觉幻觉、急性意识改变或卒中后突发认知下降；反复行为是否由遗忘导致仍需进一步核实。,"【主要临床表现】患者目前主要表现为反复询问、近期事件遗忘或新信息保持困难。
【主要受累领域】当前主要关注记忆功能领域。
【当前评估方向】临床表现与记忆主导型认知改变评估方向存在一定一致性，需要结合病史、认知评估和辅助检查综合判断。
【建议下一步】进一步明确反复询问是否由遗忘导致，并评估其对日常安排的影响。",MoCA/MMSE：一级：优先建议；头颅MRI及基础实验室检查：二级：建议完善；AD相关生物标志物：三级：根据需要考虑。,MoCA/MMSE用于明确整体认知水平和主要受累领域；头颅MRI及基础实验室检查用于评估脑结构改变并排除其他导致认知下降的因素；AD相关生物标志物用于在需要进一步明确AD病理改变时考虑。,信息部分缺失：建议补充症状出现时间、是否逐渐加重及对日常安排的影响。,反复询问需区分遗忘、焦虑、强迫样行为和注意问题，同时关注睡眠、情绪、药物及血管危险因素。,1. 临床摘要卡片；2. 患者基本信息；3. 主要临床表现总结；4. 认知领域分析；5. AD相关临床模式分析；6. 疾病阶段辅助评估；7. 鉴别诊断方向；8. 建议进一步完善的评估项目；9. 后续问诊建议；10. 判断依据；11. 系统说明。,当前重点关注：反复询问是否反映新信息保持困难，以及该表现是否逐渐加重。,当前资料提示反复询问和近期事件遗忘较突出，记忆相关表现需要客观测评支持。,建议追问反复询问的频率、场景和进展，并结合记忆测评明确信息保持能力。,初步临床印象：当前患者反复询问和近期事件遗忘较突出，提示记忆保持能力可能需要重点评估，建议结合病程、家属观察和认知测评进一步判断。,建议神经内科进一步完善记忆功能评估，并结合家属访谈明确症状进展和功能影响。,医生补充备注：医生可根据问诊、查体及患者家属补充信息进行记录。示例：家属补充患者近半年记忆下降明显，夜间睡眠质量下降。,本系统基于患者当前录入的临床表现、标准化医学概念以及医学知识规则进行辅助分析，用于帮助医生整理症状特点、明确评估方向并提供进一步检查建议。系统输出不能替代医生诊断，最终判断需结合患者完整病史、体格检查、神经心理评估及辅助检查结果综合确定。,functional_decline=0或1：认知变化目前未明显影响日常独立性，或仅表现为复杂任务能力受到轻度影响。
AD_STRUCT_REPORT_CN_004,AD_PATTERN_004,患者目前主要表现为记忆下降并伴复杂事务处理能力减退，工具性生活活动受到影响，提示认知改变已开始进入日常功能层面。,主要受累领域：功能影响程度，尤其工具性生活活动。可能涉及领域：记忆功能和执行功能相关表现。尚需评估领域：功能下降是否由认知改变、躯体因素或混合病因造成。,AD相关临床模式分析：当前表现属于多领域认知损害伴功能下降模式，认知变化已影响工具性生活活动，需要重点评估认知障碍程度及疾病阶段。,疾病阶段辅助评估：认知改变已可能影响工具性生活活动，患者情况可能接近痴呆阶段评估范围，但仍需结合功能量表和病因鉴别综合判断。,"疾病方向：血管性认知障碍
关注原因：若存在卒中史、血管危险因素或阶梯式下降，需要进一步评估。
疾病方向：非认知因素导致的功能下降
关注原因：若功能下降与躯体衰弱、运动障碍或药物镇静相关，需要区分来源。","检查项目：MoCA/MMSE及必要的神经心理测评
优先级：一级：优先建议
目的：明确整体认知水平、主要受累领域及是否存在客观认知下降。
检查项目：头颅MRI及基础实验室检查
优先级：二级：建议完善
目的：评估脑结构改变，并辅助排除血管性、代谢性、药物性或其他可逆原因。
检查项目：AD相关生物标志物（血液标志物、脑脊液Aβ/tau检测或PET）
优先级：三级：根据需要考虑
目的：在临床判断仍不明确或需要专科分层时，进一步评估AD相关病理改变。",本报告用于神经内科门诊初诊场景下的临床信息整理和辅助评估，不替代医生完成最终临床判断。,"本次辅助分析主要依据：
- 近期记忆下降伴复杂事务处理困难；
- 工具性生活活动已受到影响；
- 功能变化有助于区分MCI与痴呆阶段；
- 起病方式和血管危险因素需进一步核实。","本次辅助分析主要依据：
- 近期记忆下降伴复杂事务处理困难；
- 工具性生活活动已受到影响；
- 功能变化有助于区分MCI与痴呆阶段；
- 起病方式和血管危险因素需进一步核实。",以上结果基于当前录入信息进行辅助分析，不能替代临床诊断；需要结合完整病史、神经心理评估、体格检查及必要的辅助检查综合判断。,当前重点关注记忆下降与工具性生活活动受影响之间的关系，需明确功能变化是否由认知改变直接导致。,建议进一步询问：财务管理、用药、做饭、购物和交通是否较前困难；困难是否由遗忘、判断下降或躯体问题造成；是否出现安全事件；功能变化是否逐渐进展。,当前未记录功能下降是否完全由认知问题导致，也未充分记录卒中、运动障碍或躯体衰弱因素，需要进一步补充。,"【主要临床表现】患者目前主要表现为记忆下降伴复杂日常活动困难。
【主要受累领域】当前主要关注记忆功能及工具性生活活动领域。
【当前评估方向】临床表现与认知改变影响独立生活能力的评估方向存在一定一致性，需要结合病史、认知评估和辅助检查综合判断。
【建议下一步】完善认知功能评估、功能量表和结构影像学检查，明确功能变化来源。",MoCA/MMSE：一级：优先建议；头颅MRI及基础实验室检查：二级：建议完善；AD相关生物标志物：三级：根据需要考虑。,MoCA/MMSE用于明确整体认知水平和主要受累领域；头颅MRI及基础实验室检查用于评估脑结构改变并排除其他导致认知下降的因素；AD相关生物标志物用于在需要进一步明确AD病理改变时考虑。,信息较完整：患者症状表现及功能影响信息较充分，建议继续补充功能量表和可逆因素筛查。,功能变化可能受到认知下降、躯体衰弱、卒中后遗症、药物镇静和抑郁情绪影响，建议明确功能下降来源。,1. 临床摘要卡片；2. 患者基本信息；3. 主要临床表现总结；4. 认知领域分析；5. AD相关临床模式分析；6. 疾病阶段辅助评估；7. 鉴别诊断方向；8. 建议进一步完善的评估项目；9. 后续问诊建议；10. 判断依据；11. 系统说明。,当前重点关注：认知变化对患者独立生活能力，尤其复杂活动能力的影响程度。,当前资料提示记忆变化可能已影响复杂日常活动，功能下降来源需进一步确认。,建议完善认知功能评估、功能量表和结构影像学检查，并明确复杂活动困难的具体来源。,初步临床印象：当前患者记忆下降伴复杂日常活动能力受影响，提示认知变化可能已进入功能层面，建议进一步完善认知评估、功能评估及病因学相关检查。,建议神经内科进一步完善认知功能评估、日常生活能力评估及病因学相关检查。,医生补充备注：医生可根据问诊、查体及患者家属补充信息进行记录。示例：家属补充患者近半年记忆下降明显，夜间睡眠质量下降。,本系统基于患者当前录入的临床表现、标准化医学概念以及医学知识规则进行辅助分析，用于帮助医生整理症状特点、明确评估方向并提供进一步检查建议。系统输出不能替代医生诊断，最终判断需结合患者完整病史、体格检查、神经心理评估及辅助检查结果综合确定。,functional_decline=2：工具性生活活动受到影响，需要进一步评估功能下降程度。
AD_STRUCT_REPORT_CN_005,AD_PATTERN_005,患者目前表现不局限于单一认知领域，记忆下降可能为主要问题，同时可见执行、语言或视觉空间相关线索，需进一步明确主次关系。,主要受累领域：多认知领域综合受累范围。可能涉及领域：记忆、执行、语言或视觉空间表现。尚需评估领域：各认知领域的客观测评分布、主次关系及功能影响程度。,AD相关临床模式分析：当前表现涉及多个认知领域，需要综合评估认知损害范围；功能影响程度将决定阶段辅助评估优先级。,疾病阶段辅助评估：目前表现提示多认知域受累可能，阶段判断需要结合日常功能影响程度，进一步区分轻度认知障碍与痴呆阶段。,"疾病方向：血管性认知障碍
关注原因：多认知域改变合并血管危险因素时需要关注。
疾病方向：路易体相关认知障碍
关注原因：若存在认知波动、视觉幻觉或帕金森样表现，需要重点鉴别。
疾病方向：抑郁相关认知改变
关注原因：若注意和执行表现受情绪影响明显，需要同步评估。","检查项目：MoCA/MMSE及必要的神经心理测评
优先级：一级：优先建议
目的：明确整体认知水平、主要受累领域及是否存在客观认知下降。
检查项目：头颅MRI及基础实验室检查
优先级：二级：建议完善
目的：评估脑结构改变，并辅助排除血管性、代谢性、药物性或其他可逆原因。
检查项目：AD相关生物标志物（血液标志物、脑脊液Aβ/tau检测或PET）
优先级：三级：根据需要考虑
目的：在临床判断仍不明确或需要专科分层时，进一步评估AD相关病理改变。",本报告用于神经内科门诊初诊场景下的临床信息整理和辅助评估，不替代医生完成最终临床判断。,"本次辅助分析主要依据：
- 认知改变可能涉及多个领域；
- 记忆下降为重要观察线索；
- 功能状态决定阶段评估方向；
- 需结合病程和排除信息判断临床相关性。","本次辅助分析主要依据：
- 认知改变可能涉及多个领域；
- 记忆下降为重要观察线索；
- 功能状态决定阶段评估方向；
- 需结合病程和排除信息判断临床相关性。",以上结果基于当前录入信息进行辅助分析，不能替代临床诊断；需要结合完整病史、神经心理评估、体格检查及必要的辅助检查综合判断。,当前重点关注多认知领域线索中的主导问题，避免将所有阳性表现等同处理，并需明确主要认知域和功能影响程度。,建议进一步询问：最早出现的认知问题是什么；记忆、语言、执行和视觉空间症状的先后顺序；是否影响独立生活；是否存在卒中史、认知波动、幻觉或明显行为改变。,当前未记录各认知领域症状的先后顺序、进展速度和客观测评分布，暂不能判断所有领域均同等受累。,"【主要临床表现】患者目前主要表现为多个认知领域相关线索。
【主要受累领域】当前主要关注记忆功能及伴随认知领域。
【当前评估方向】临床表现与多认知领域认知障碍综合评估方向存在一定一致性，需要结合病史、认知评估和辅助检查综合判断。
【建议下一步】通过神经心理测评明确主要受累领域，并结合病程和功能影响综合判断。",MoCA/MMSE：一级：优先建议；头颅MRI及基础实验室检查：二级：建议完善；AD相关生物标志物：三级：根据需要考虑。,MoCA/MMSE用于明确整体认知水平和主要受累领域；头颅MRI及基础实验室检查用于评估脑结构改变并排除其他导致认知下降的因素；AD相关生物标志物用于在需要进一步明确AD病理改变时考虑。,信息部分缺失：建议补充各认知症状的先后顺序、功能影响和客观测评结果。,多认知域表现需关注血管危险因素、睡眠障碍、药物影响、代谢异常和情绪问题，避免将所有症状直接归于单一病因。,1. 临床摘要卡片；2. 患者基本信息；3. 主要临床表现总结；4. 认知领域分析；5. AD相关临床模式分析；6. 疾病阶段辅助评估；7. 鉴别诊断方向；8. 建议进一步完善的评估项目；9. 后续问诊建议；10. 判断依据；11. 系统说明。,当前重点关注：多认知领域线索中的主导问题，以及是否已有可记录的功能影响。,当前资料提示可能存在多认知领域相关表现，但主要受累领域仍需分层评估。,建议进行神经心理测评，明确主要受累领域，并同步核查功能影响和红旗信息。,初步临床印象：当前患者存在多认知领域相关线索，临床表现与AD相关认知改变方向可存在一定一致性，但主要受累领域和功能影响程度仍需进一步评估。,建议神经内科进一步完善神经心理测评，以明确主要受累认知领域和功能影响程度。,医生补充备注：医生可根据问诊、查体及患者家属补充信息进行记录。示例：家属补充患者近半年记忆下降明显，夜间睡眠质量下降。,本系统基于患者当前录入的临床表现、标准化医学概念以及医学知识规则进行辅助分析，用于帮助医生整理症状特点、明确评估方向并提供进一步检查建议。系统输出不能替代医生诊断，最终判断需结合患者完整病史、体格检查、神经心理评估及辅助检查结果综合确定。,功能影响程度需结合当前输入动态判断：functional_decline=0提示日常独立性未明显受影响；functional_decline=1提示复杂任务能力受到影响；functional_decline=2提示工具性生活活动受到影响；functional_decline=3提示基本生活活动受到影响。
AD_STRUCT_REPORT_CN_006,AD_PATTERN_006,患者目前呈多认知领域改变并伴较明确的日常功能影响，临床上应关注认知下降对独立生活能力的实际影响。,主要受累领域：功能影响程度及多认知领域改变。可能涉及领域：记忆、执行、语言或视觉空间表现。尚需评估领域：疾病阶段、照护需求及混合病因。,AD相关临床模式分析：当前表现属于多领域认知损害伴功能下降模式，应优先评估功能下降程度、疾病阶段和照护需求。,疾病阶段辅助评估：结合多认知域表现和功能影响，可考虑进入痴呆阶段评估范围，但不宜仅凭症状录入作阶段定性。,"疾病方向：混合性认知障碍
关注原因：多认知域改变伴功能影响时，血管性和退行性因素可能并存。
疾病方向：路易体相关认知障碍
关注原因：若伴认知波动、幻觉或睡眠行为异常，需要进一步关注。","检查项目：MoCA/MMSE及必要的神经心理测评
优先级：一级：优先建议
目的：明确整体认知水平、主要受累领域及是否存在客观认知下降。
检查项目：头颅MRI及基础实验室检查
优先级：二级：建议完善
目的：评估脑结构改变，并辅助排除血管性、代谢性、药物性或其他可逆原因。
检查项目：AD相关生物标志物（血液标志物、脑脊液Aβ/tau检测或PET）
优先级：三级：根据需要考虑
目的：在临床判断仍不明确或需要专科分层时，进一步评估AD相关病理改变。",本报告用于神经内科门诊初诊场景下的临床信息整理和辅助评估，不替代医生完成最终临床判断。,"本次辅助分析主要依据：
- 多认知领域改变伴日常功能影响；
- 功能下降程度提示需要阶段评估；
- 需确认功能受限是否由认知改变导致；
- 混合性或非AD因素仍需鉴别。","本次辅助分析主要依据：
- 多认知领域改变伴日常功能影响；
- 功能下降程度提示需要阶段评估；
- 需确认功能受限是否由认知改变导致；
- 混合性或非AD因素仍需鉴别。",以上结果基于当前录入信息进行辅助分析，不能替代临床诊断；需要结合完整病史、神经心理评估、体格检查及必要的辅助检查综合判断。,当前重点关注多认知领域改变对日常独立性的影响，并判断是否存在混合病因或可逆因素。,建议进一步询问：哪些日常活动已经需要帮助；功能下降速度；是否存在跌倒、走失、用药错误或财务风险；是否有血管危险因素、药物镇静或躯体疾病影响。,当前未记录可逆因素、药物影响和混合性血管因素是否存在，需在阶段评估前进一步排查。,"【主要临床表现】患者目前主要表现为多认知领域改变伴日常功能影响。
【主要受累领域】当前主要关注多认知领域及日常生活能力领域。
【当前评估方向】临床表现与认知改变影响独立生活能力及混合病因评估方向存在一定一致性，需要结合病史、认知评估和辅助检查综合判断。
【建议下一步】同步评估认知域、功能影响、血管危险因素和可逆因素。",MoCA/MMSE：一级：优先建议；头颅MRI及基础实验室检查：二级：建议完善；AD相关生物标志物：三级：根据需要考虑。,MoCA/MMSE用于明确整体认知水平和主要受累领域；头颅MRI及基础实验室检查用于评估脑结构改变并排除其他导致认知下降的因素；AD相关生物标志物用于在需要进一步明确AD病理改变时考虑。,信息较完整：多认知领域和功能影响信息较充分，建议补充病程、用药和血管危险因素。,日常功能受影响时需同步关注混合性血管因素、药物和代谢因素、照护环境及安全风险。,1. 临床摘要卡片；2. 患者基本信息；3. 主要临床表现总结；4. 认知领域分析；5. AD相关临床模式分析；6. 疾病阶段辅助评估；7. 鉴别诊断方向；8. 建议进一步完善的评估项目；9. 后续问诊建议；10. 判断依据；11. 系统说明。,当前重点关注：多认知领域改变对独立生活能力的影响，以及是否存在混合或可逆因素。,当前资料提示多认知领域改变伴日常功能影响，需要同步评估病因和功能程度。,建议评估功能影响程度、照护需求和可逆因素，并完善结构影像学检查。,初步临床印象：当前患者多认知领域改变并伴日常功能影响，提示需要进行系统性认知与功能评估，并同步关注混合病因或可逆因素。,建议神经内科进一步完善认知功能、功能状态及病因学相关检查，并关注混合病因。,医生补充备注：医生可根据问诊、查体及患者家属补充信息进行记录。示例：家属补充患者近半年记忆下降明显，夜间睡眠质量下降。,本系统基于患者当前录入的临床表现、标准化医学概念以及医学知识规则进行辅助分析，用于帮助医生整理症状特点、明确评估方向并提供进一步检查建议。系统输出不能替代医生诊断，最终判断需结合患者完整病史、体格检查、神经心理评估及辅助检查结果综合确定。,functional_decline>=2：工具性生活活动或更高层级日常功能受到影响，需要进一步评估功能下降程度、疾病阶段和照护需求。
AD_STRUCT_REPORT_CN_007,AD_PATTERN_007,患者目前以计划、判断或复杂任务处理困难较为突出，执行功能相关表现需要与记忆、情绪及额叶相关疾病线索共同分析。,主要受累领域：执行功能。可能涉及领域：记忆功能、情绪状态和脑血管相关线索。尚需评估领域：功能影响程度、额叶相关行为改变及睡眠因素。,AD相关临床模式分析：执行功能相关表现突出时，不宜仅按记忆主导模式解释；需结合记忆、功能影响和脑血管/额叶相关线索综合判断。,疾病阶段辅助评估：当前资料提示执行功能相关认知改变，阶段判断需要结合记忆测评结果和工具性生活活动受影响程度进一步明确。,"疾病方向：额颞叶痴呆
关注原因：若行为改变、脱抑制或人格改变早于记忆下降，需要重点鉴别。
疾病方向：血管性认知障碍
关注原因：执行功能突出且有血管危险因素或卒中史时需要评估。
疾病方向：抑郁睡眠相关因素
关注原因：情绪和睡眠问题可加重执行功能表现。","检查项目：MoCA/MMSE及必要的神经心理测评
优先级：一级：优先建议
目的：明确整体认知水平、主要受累领域及是否存在客观认知下降。
检查项目：头颅MRI及基础实验室检查
优先级：二级：建议完善
目的：评估脑结构改变，并辅助排除血管性、代谢性、药物性或其他可逆原因。
检查项目：AD相关生物标志物（血液标志物、脑脊液Aβ/tau检测或PET）
优先级：三级：根据需要考虑
目的：在临床判断仍不明确或需要专科分层时，进一步评估AD相关病理改变。",本报告用于神经内科门诊初诊场景下的临床信息整理和辅助评估，不替代医生完成最终临床判断。,"本次辅助分析主要依据：
- 计划、判断或复杂任务处理困难；
- 执行功能线索较突出；
- 功能状态需作为阶段判断依据；
- 需结合记忆测评和行为表现鉴别。","本次辅助分析主要依据：
- 计划、判断或复杂任务处理困难；
- 执行功能线索较突出；
- 功能状态需作为阶段判断依据；
- 需结合记忆测评和行为表现鉴别。",以上结果基于当前录入信息进行辅助分析，不能替代临床诊断；需要结合完整病史、神经心理评估、体格检查及必要的辅助检查综合判断。,当前重点关注计划、判断和复杂任务处理困难的起病过程，以及其与记忆下降、情绪状态和额叶相关症状的关系。,建议进一步询问：计划安排、复杂任务、判断决策和财务处理的具体困难；是否伴淡漠或冲动；记忆问题是否同样突出；是否存在抑郁、睡眠障碍或脑血管病史。,当前未记录早期脱抑制、明显人格改变、卒中史或抑郁睡眠因素的完整情况，需用于执行功能障碍鉴别。,"【主要临床表现】患者目前主要表现为计划、判断或复杂任务处理困难。
【主要受累领域】当前主要关注执行功能领域。
【当前评估方向】临床表现与执行功能主导型认知改变鉴别评估方向存在一定一致性，需要结合病史、认知评估和辅助检查综合判断。
【建议下一步】结合记忆测评、额叶行为线索、情绪睡眠状态和脑血管风险进一步评估。",MoCA/MMSE：一级：优先建议；头颅MRI及基础实验室检查：二级：建议完善；AD相关生物标志物：三级：根据需要考虑。,MoCA/MMSE用于明确整体认知水平和主要受累领域；头颅MRI及基础实验室检查用于评估脑结构改变并排除其他导致认知下降的因素；AD相关生物标志物用于在需要进一步明确AD病理改变时考虑。,信息部分缺失：建议补充执行功能困难的具体场景、病程变化和情绪睡眠因素。,执行功能表现易受抑郁、睡眠不足、脑血管病和药物影响，需要结合额叶行为线索和病程综合分析。,1. 临床摘要卡片；2. 患者基本信息；3. 主要临床表现总结；4. 认知领域分析；5. AD相关临床模式分析；6. 疾病阶段辅助评估；7. 鉴别诊断方向；8. 建议进一步完善的评估项目；9. 后续问诊建议；10. 判断依据；11. 系统说明。,当前重点关注：执行功能困难的具体场景，以及其与记忆下降、行为改变和血管因素的关系。,当前资料提示执行功能相关困难较突出，记忆和行为相关线索仍需进一步核实。,建议补充执行功能相关测评，询问行为改变、抑郁睡眠状态和脑血管危险因素。,初步临床印象：当前患者以执行功能相关困难为突出线索，建议进一步评估其与记忆下降、情绪睡眠状态及脑血管因素之间的关系。,建议进一步进行神经内科专科评估，重点补充执行功能测评、脑血管风险和情绪睡眠评估。,医生补充备注：医生可根据问诊、查体及患者家属补充信息进行记录。示例：家属补充患者近半年记忆下降明显，夜间睡眠质量下降。,本系统基于患者当前录入的临床表现、标准化医学概念以及医学知识规则进行辅助分析，用于帮助医生整理症状特点、明确评估方向并提供进一步检查建议。系统输出不能替代医生诊断，最终判断需结合患者完整病史、体格检查、神经心理评估及辅助检查结果综合确定。,功能影响程度需结合当前输入动态判断；若functional_decline>=2，应优先评估认知变化对日常功能的影响。
AD_STRUCT_REPORT_CN_008,AD_PATTERN_008,患者目前以找词困难、命名困难或语言表达不流畅为突出表现，语言相关症状较为醒目，记忆和其他认知领域仍需系统评估。,主要受累领域：语言功能。可能涉及领域：记忆功能和执行功能。尚需评估领域：语言分型、复述能力、理解能力和功能影响程度。,AD相关临床模式分析：语言主导表现提示非典型AD相关方向或其他语言障碍方向，需结合语言分型、影像学和功能影响程度进一步评估。,疾病阶段辅助评估：语言表现突出时可考虑非典型AD相关认知障碍评估范围，仍需结合语言评估、记忆测评和功能影响程度。,"疾病方向：原发性进行性失语
关注原因：若语言障碍早于记忆下降且逐渐进展，需要进行语言分型。
疾病方向：卒中后语言障碍
关注原因：若语言问题突然出现或伴局灶体征，需要排查脑血管事件。
疾病方向：额颞叶变性
关注原因：若语言障碍伴早期行为改变，需要重点鉴别。","检查项目：MoCA/MMSE及必要的神经心理测评
优先级：一级：优先建议
目的：明确整体认知水平、主要受累领域及是否存在客观认知下降。
检查项目：头颅MRI及基础实验室检查
优先级：二级：建议完善
目的：评估脑结构改变，并辅助排除血管性、代谢性、药物性或其他可逆原因。
检查项目：AD相关生物标志物（血液标志物、脑脊液Aβ/tau检测或PET）
优先级：三级：根据需要考虑
目的：在临床判断仍不明确或需要专科分层时，进一步评估AD相关病理改变。",本报告用于神经内科门诊初诊场景下的临床信息整理和辅助评估，不替代医生完成最终临床判断。,"本次辅助分析主要依据：
- 找词、命名或表达流畅性下降；
- 语言表现早期较突出；
- 需同步评估记忆和执行功能；
- 非典型AD及其他语言障碍均需鉴别。","本次辅助分析主要依据：
- 找词、命名或表达流畅性下降；
- 语言表现早期较突出；
- 需同步评估记忆和执行功能；
- 非典型AD及其他语言障碍均需鉴别。",以上结果基于当前录入信息进行辅助分析，不能替代临床诊断；需要结合完整病史、神经心理评估、体格检查及必要的辅助检查综合判断。,当前重点关注语言表达或找词困难是否为早期突出表现，并判断其是否伴随记忆和执行功能改变。,建议进一步询问：找词困难、命名困难和表达不流畅的起病时间；理解和复述是否受影响；语言问题是否早于记忆下降；是否影响交流和工作；是否有卒中或局灶神经症状。,当前未记录语言障碍是否急性起病、是否伴局灶神经体征或卒中史，需进一步确认以排除非退行性原因。,"【主要临床表现】患者目前主要表现为找词困难、命名困难或语言表达不流畅。
【主要受累领域】当前主要关注语言功能领域。
【当前评估方向】临床表现与语言主导型非典型AD相关或其他语言障碍评估方向存在一定一致性，需要结合病史、认知评估和辅助检查综合判断。
【建议下一步】完善语言专项评估、结构影像学检查，并同步评估记忆和执行功能。",MoCA/MMSE：一级：优先建议；头颅MRI及基础实验室检查：二级：建议完善；AD相关生物标志物：三级：根据需要考虑。,MoCA/MMSE用于明确整体认知水平和主要受累领域；头颅MRI及基础实验室检查用于评估脑结构改变并排除其他导致认知下降的因素；AD相关生物标志物用于在需要进一步明确AD病理改变时考虑。,信息部分缺失：建议补充语言症状起病时间、进展速度、理解复述情况和卒中史。,语言主导表现需关注卒中、额颞叶变性、听力或交流环境因素，并结合语言专项测评判断。,1. 临床摘要卡片；2. 患者基本信息；3. 主要临床表现总结；4. 认知领域分析；5. AD相关临床模式分析；6. 疾病阶段辅助评估；7. 鉴别诊断方向；8. 建议进一步完善的评估项目；9. 后续问诊建议；10. 判断依据；11. 系统说明。,当前重点关注：语言改变出现时间及其是否早于记忆下降，同时评估交流和日常功能影响。,当前资料提示语言功能相关表现较突出，需要明确语言障碍类型及伴随认知领域。,建议完善语言专项评估、认知筛查和结构影像学检查，并询问语言症状起病方式。,初步临床印象：当前患者以语言表达或找词困难为突出表现，提示语言主导型认知改变方向，建议结合语言专项评估、影像学和其他认知域测评进一步判断。,建议神经内科或认知障碍专病门诊进一步完善语言专项评估及影像学检查。,医生补充备注：医生可根据问诊、查体及患者家属补充信息进行记录。示例：家属补充患者近半年记忆下降明显，夜间睡眠质量下降。,本系统基于患者当前录入的临床表现、标准化医学概念以及医学知识规则进行辅助分析，用于帮助医生整理症状特点、明确评估方向并提供进一步检查建议。系统输出不能替代医生诊断，最终判断需结合患者完整病史、体格检查、神经心理评估及辅助检查结果综合确定。,功能影响程度需结合当前输入动态判断；语言表现突出时仍需同步评估交流能力和日常生活影响。
AD_STRUCT_REPORT_CN_009,AD_PATTERN_009,患者目前以找词困难和语句组织困难为主要表现，整体呈语言主导型认知改变线索，需要进一步确认是否符合logopenic样语言障碍特征。,主要受累领域：语言功能。可能涉及领域：情景记忆和执行功能。尚需评估领域：logopenic样表现、语言分型及病因背景。,AD相关临床模式分析：logopenic样语言障碍与AD相关病理背景可存在关联，但仍需与其他原发性进行性失语亚型鉴别。,疾病阶段辅助评估：目前可能接近语言主导型认知障碍的评估范围，是否属于AD相关病理背景需结合客观语言测评和辅助检查进一步判断。,"疾病方向：原发性进行性失语不同亚型
关注原因：logopenic样表现需与非流畅型和语义型失语鉴别。
疾病方向：卒中或局灶性脑病变
关注原因：若语言障碍急性起病或定位明确，需要影像学排查。","检查项目：MoCA/MMSE及必要的神经心理测评
优先级：一级：优先建议
目的：明确整体认知水平、主要受累领域及是否存在客观认知下降。
检查项目：头颅MRI及基础实验室检查
优先级：二级：建议完善
目的：评估脑结构改变，并辅助排除血管性、代谢性、药物性或其他可逆原因。
检查项目：AD相关生物标志物（血液标志物、脑脊液Aβ/tau检测或PET）
优先级：三级：根据需要考虑
目的：在临床判断仍不明确或需要专科分层时，进一步评估AD相关病理改变。",本报告用于神经内科门诊初诊场景下的临床信息整理和辅助评估，不替代医生完成最终临床判断。,"本次辅助分析主要依据：
- 找词困难和语句组织困难较突出；
- 语言网络相关表现需要分型；
- 需评估复述、命名和理解能力；
- 卒中后语言障碍等情况需排除。","本次辅助分析主要依据：
- 找词困难和语句组织困难较突出；
- 语言网络相关表现需要分型；
- 需评估复述、命名和理解能力；
- 卒中后语言障碍等情况需排除。",以上结果基于当前录入信息进行辅助分析，不能替代临床诊断；需要结合完整病史、神经心理评估、体格检查及必要的辅助检查综合判断。,当前重点关注语言主导型认知改变的具体类型，尤其是找词、复述和语句组织困难是否呈进行性加重。,建议进一步询问：是否存在找词停顿、复述困难、语句组织困难或命名障碍；语言问题是否逐渐进展；记忆和日常功能是否受影响；是否有卒中后突发语言障碍。,当前未记录复述、理解、命名和语义知识的系统评估结果，也未记录是否有卒中后突发语言障碍。,"【主要临床表现】患者目前主要表现为找词困难和语句组织困难。
【主要受累领域】当前主要关注语言功能领域。
【当前评估方向】临床表现与logopenic样语言障碍及相关病因评估方向存在一定一致性，需要结合病史、认知评估和辅助检查综合判断。
【建议下一步】进一步完成语言分型、影像学检查，并按需评估AD相关病理证据。",MoCA/MMSE：一级：优先建议；头颅MRI及基础实验室检查：二级：建议完善；AD相关生物标志物：三级：根据需要考虑。,MoCA/MMSE用于明确整体认知水平和主要受累领域；头颅MRI及基础实验室检查用于评估脑结构改变并排除其他导致认知下降的因素；AD相关生物标志物用于在需要进一步明确AD病理改变时考虑。,信息部分缺失：建议补充语言分型信息、病程变化和日常交流受影响程度。,语言障碍需要结合卒中史、局灶神经体征、听力因素和语言分型结果，必要时进一步评估AD相关病理证据。,1. 临床摘要卡片；2. 患者基本信息；3. 主要临床表现总结；4. 认知领域分析；5. AD相关临床模式分析；6. 疾病阶段辅助评估；7. 鉴别诊断方向；8. 建议进一步完善的评估项目；9. 后续问诊建议；10. 判断依据；11. 系统说明。,当前重点关注：语言障碍的分型特征，尤其找词、复述和语句组织困难是否持续进展。,当前资料提示语言主导型认知改变线索，需要结合语言分型和影像学进一步判断。,建议进行语言分型评估，结合MRI和必要时AD相关病理证据进一步判断。,初步临床印象：当前患者表现出语言主导型认知改变线索，需进一步明确是否符合logopenic样表现，并结合影像学和必要的病理证据评估。,建议神经内科进一步完善语言分型评估，必要时进行认知障碍专病门诊评估。,医生补充备注：医生可根据问诊、查体及患者家属补充信息进行记录。示例：家属补充患者近半年记忆下降明显，夜间睡眠质量下降。,本系统基于患者当前录入的临床表现、标准化医学概念以及医学知识规则进行辅助分析，用于帮助医生整理症状特点、明确评估方向并提供进一步检查建议。系统输出不能替代医生诊断，最终判断需结合患者完整病史、体格检查、神经心理评估及辅助检查结果综合确定。,功能影响程度需结合当前输入动态判断；语言主导表现需结合交流受限程度评估临床严重性。
AD_STRUCT_REPORT_CN_010,AD_PATTERN_010,患者目前主要表现为方向感下降、熟悉环境中迷路或空间判断困难，提示视觉空间和导航相关能力可能受到影响。,主要受累领域：视觉空间和导航能力。可能涉及领域：执行功能和记忆相关路线规划。尚需评估领域：眼科因素、视觉幻觉、认知波动和功能影响程度。,AD相关临床模式分析：视觉空间和导航困难可提示后部认知网络受累方向，功能影响程度和眼科/路易体相关线索需优先纳入解释。,疾病阶段辅助评估：视觉空间和导航相关表现提示可能存在后部认知网络受累，阶段判断需结合日常功能影响和影像学检查进一步评估。,"疾病方向：眼科疾病或外周视觉因素
关注原因：视觉空间困难需先确认是否由视力问题解释。
疾病方向：路易体相关认知障碍
关注原因：若伴视觉幻觉、认知波动或帕金森样表现，需要关注。
疾病方向：后部皮质病变
关注原因：若空间定位和复杂视觉处理持续下降，需要影像学评估。","检查项目：MoCA/MMSE及必要的神经心理测评
优先级：一级：优先建议
目的：明确整体认知水平、主要受累领域及是否存在客观认知下降。
检查项目：头颅MRI及基础实验室检查
优先级：二级：建议完善
目的：评估脑结构改变，并辅助排除血管性、代谢性、药物性或其他可逆原因。
检查项目：AD相关生物标志物（血液标志物、脑脊液Aβ/tau检测或PET）
优先级：三级：根据需要考虑
目的：在临床判断仍不明确或需要专科分层时，进一步评估AD相关病理改变。",本报告用于神经内科门诊初诊场景下的临床信息整理和辅助评估，不替代医生完成最终临床判断。,"本次辅助分析主要依据：
- 方向感下降、迷路或空间判断困难；
- 视觉空间和导航能力为主要线索；
- 眼科因素和结构性病变需排除；
- 功能影响程度决定后续阶段评估。","本次辅助分析主要依据：
- 方向感下降、迷路或空间判断困难；
- 视觉空间和导航能力为主要线索；
- 眼科因素和结构性病变需排除；
- 功能影响程度决定后续阶段评估。",以上结果基于当前录入信息进行辅助分析，不能替代临床诊断；需要结合完整病史、神经心理评估、体格检查及必要的辅助检查综合判断。,当前重点关注视觉空间和导航困难是否持续进展，并评估其对出行、安全和日常活动的实际影响。,建议进一步询问：是否在熟悉环境迷路；方向感下降出现时间；是否伴驾驶、穿衣、找物或空间判断困难；视力或眼科疾病情况；是否出现幻觉或认知波动。,当前未记录眼科疾病、视觉幻觉、认知波动或帕金森样表现的完整情况，需要进一步询问和检查。,"【主要临床表现】患者目前主要表现为方向感下降、迷路或空间判断困难。
【主要受累领域】当前主要关注视觉空间和导航能力领域。
【当前评估方向】临床表现与后部认知网络受累评估方向存在一定一致性，需要结合病史、认知评估和辅助检查综合判断。
【建议下一步】完善视觉空间测评、结构影像学检查，并排查眼科及路易体相关线索。",MoCA/MMSE：一级：优先建议；头颅MRI及基础实验室检查：二级：建议完善；AD相关生物标志物：三级：根据需要考虑。,MoCA/MMSE用于明确整体认知水平和主要受累领域；头颅MRI及基础实验室检查用于评估脑结构改变并排除其他导致认知下降的因素；AD相关生物标志物用于在需要进一步明确AD病理改变时考虑。,信息部分缺失：建议补充迷路场景、眼科情况、出行安全和是否伴随认知波动。,视觉空间问题需关注眼科疾病、药物影响、睡眠问题、路易体相关线索和脑血管因素。,1. 临床摘要卡片；2. 患者基本信息；3. 主要临床表现总结；4. 认知领域分析；5. AD相关临床模式分析；6. 疾病阶段辅助评估；7. 鉴别诊断方向；8. 建议进一步完善的评估项目；9. 后续问诊建议；10. 判断依据；11. 系统说明。,当前重点关注：视觉空间和导航困难是否影响出行安全，并排查眼科及非典型病因线索。,当前资料提示视觉空间和导航相关能力可能受影响，需排查眼科和其他非典型线索。,建议完善视觉空间测评、眼科评估和头颅MRI，并询问迷路和出行安全情况。,初步临床印象：当前患者视觉空间和导航困难较突出，提示后部认知网络受累方向，建议结合视觉空间测评、眼科评估及结构影像学检查进一步判断。,建议神经内科进一步完善视觉空间测评、眼科相关信息和结构影像学检查。,医生补充备注：医生可根据问诊、查体及患者家属补充信息进行记录。示例：家属补充患者近半年记忆下降明显，夜间睡眠质量下降。,本系统基于患者当前录入的临床表现、标准化医学概念以及医学知识规则进行辅助分析，用于帮助医生整理症状特点、明确评估方向并提供进一步检查建议。系统输出不能替代医生诊断，最终判断需结合患者完整病史、体格检查、神经心理评估及辅助检查结果综合确定。,功能影响程度需结合当前输入动态判断；若视觉空间问题影响出行或工具性生活活动，应提高功能评估优先级。
AD_STRUCT_REPORT_CN_011,AD_PATTERN_011,患者目前以视觉空间判断、阅读定位或复杂视觉处理困难为突出表现，后部皮质相关认知网络受累线索值得关注。,主要受累领域：视觉空间及复杂视觉处理。可能涉及领域：阅读、计算、书写和后部皮质相关能力。尚需评估领域：眼科疾病、结构性脑病变和功能影响程度。,AD相关临床模式分析：后皮质受累样表现与非典型AD相关方向存在一定一致性，但需先排除眼科疾病、卒中和其他结构性病变。,疾病阶段辅助评估：若视觉空间症状持续进展且眼科因素不足以解释，可考虑后皮质受累相关认知障碍评估范围。,"疾病方向：原发眼科疾病
关注原因：后部视觉相关症状需确认眼科因素是否足以解释。
疾病方向：卒中、肿瘤或其他结构性病变
关注原因：若症状局灶或进展不典型，需要头颅MRI评估。
疾病方向：非典型AD相关后皮质萎缩
关注原因：若症状缓慢进展且后部认知网络受累明显，可进一步评估AD病理证据。","检查项目：MoCA/MMSE及必要的神经心理测评
优先级：一级：优先建议
目的：明确整体认知水平、主要受累领域及是否存在客观认知下降。
检查项目：头颅MRI及基础实验室检查
优先级：二级：建议完善
目的：评估脑结构改变，并辅助排除血管性、代谢性、药物性或其他可逆原因。
检查项目：AD相关生物标志物（血液标志物、脑脊液Aβ/tau检测或PET）
优先级：三级：根据需要考虑
目的：在临床判断仍不明确或需要专科分层时，进一步评估AD相关病理改变。",本报告用于神经内科门诊初诊场景下的临床信息整理和辅助评估，不替代医生完成最终临床判断。,"本次辅助分析主要依据：
- 复杂视觉处理或空间定位困难；
- 后部皮质相关表现较突出；
- 需确认眼科疾病不足以解释症状；
- 影像学检查对定位判断较重要。","本次辅助分析主要依据：
- 复杂视觉处理或空间定位困难；
- 后部皮质相关表现较突出；
- 需确认眼科疾病不足以解释症状；
- 影像学检查对定位判断较重要。",以上结果基于当前录入信息进行辅助分析，不能替代临床诊断；需要结合完整病史、神经心理评估、体格检查及必要的辅助检查综合判断。,当前重点关注后部皮质相关表现是否可由眼科或局灶性脑病变解释，并明确视觉空间症状的进展特点。,建议进一步询问：阅读、书写、计算、视觉搜索和空间定位是否困难；眼科检查情况；症状是否逐渐进展；是否影响出行和安全；是否伴记忆或语言改变。,当前未记录眼科评估、局灶性后部脑病变或卒中史是否能够解释视觉空间症状，需要结合影像学确认。,"【主要临床表现】患者目前主要表现为复杂视觉处理或空间定位困难。
【主要受累领域】当前主要关注视觉空间及后部皮质相关领域。
【当前评估方向】临床表现与后皮质受累相关认知障碍评估方向存在一定一致性，需要结合病史、认知评估和辅助检查综合判断。
【建议下一步】结合眼科评估、结构影像学和视觉空间专项测评综合判断。",MoCA/MMSE：一级：优先建议；头颅MRI及基础实验室检查：二级：建议完善；AD相关生物标志物：三级：根据需要考虑。,MoCA/MMSE用于明确整体认知水平和主要受累领域；头颅MRI及基础实验室检查用于评估脑结构改变并排除其他导致认知下降的因素；AD相关生物标志物用于在需要进一步明确AD病理改变时考虑。,信息部分缺失：建议补充眼科评估、结构影像学资料和视觉空间专项表现。,后部视觉相关症状需先关注眼科因素、结构性脑病变、卒中史和安全风险，再判断退行性病因。,1. 临床摘要卡片；2. 患者基本信息；3. 主要临床表现总结；4. 认知领域分析；5. AD相关临床模式分析；6. 疾病阶段辅助评估；7. 鉴别诊断方向；8. 建议进一步完善的评估项目；9. 后续问诊建议；10. 判断依据；11. 系统说明。,当前重点关注：视觉空间症状是否可由眼科或局灶性脑病变解释，以及是否呈缓慢进展。,当前资料提示后部皮质相关视觉空间表现值得关注，需结合眼科和影像学信息。,建议补充眼科检查、后部皮质相关认知测评和头颅MRI，以明确症状来源。,初步临床印象：当前患者复杂视觉处理或空间定位困难较突出，提示后皮质相关认知改变方向，建议先排查眼科和结构性脑病变因素。,建议进一步进行专科评估，结合眼科评估和影像学检查明确视觉空间症状来源。,医生补充备注：医生可根据问诊、查体及患者家属补充信息进行记录。示例：家属补充患者近半年记忆下降明显，夜间睡眠质量下降。,本系统基于患者当前录入的临床表现、标准化医学概念以及医学知识规则进行辅助分析，用于帮助医生整理症状特点、明确评估方向并提供进一步检查建议。系统输出不能替代医生诊断，最终判断需结合患者完整病史、体格检查、神经心理评估及辅助检查结果综合确定。,功能影响程度需结合当前输入动态判断；若后部视觉空间表现影响独立活动，应重点评估安全风险和功能下降程度。
AD_STRUCT_REPORT_CN_012,AD_PATTERN_012,患者目前存在情绪、兴趣或行为方面改变，并伴不同程度认知下降线索，需关注行为症状与认知症状的先后关系。,主要受累领域：行为精神表现。可能涉及领域：记忆、执行和社会认知功能。尚需评估领域：行为改变出现时间、人格改变特点及功能影响程度。,AD相关临床模式分析：行为精神表现突出时，不宜直接归入记忆主导型AD模式；需结合行为改变出现时间、认知领域和功能影响综合评估。,疾病阶段辅助评估：行为精神表现伴随认知下降时，阶段评估需同时考虑认知损害程度、功能影响和症状出现先后顺序。,"疾病方向：额颞叶痴呆
关注原因：若行为改变或人格改变早于记忆下降，需要重点鉴别。
疾病方向：精神科疾病或药物影响
关注原因：情绪、兴趣和行为改变可能受精神疾病或用药影响。
疾病方向：路易体相关认知障碍
关注原因：若伴幻觉、波动或睡眠行为异常，需要关注。","检查项目：MoCA/MMSE及必要的神经心理测评
优先级：一级：优先建议
目的：明确整体认知水平、主要受累领域及是否存在客观认知下降。
检查项目：头颅MRI及基础实验室检查
优先级：二级：建议完善
目的：评估脑结构改变，并辅助排除血管性、代谢性、药物性或其他可逆原因。
检查项目：AD相关生物标志物（血液标志物、脑脊液Aβ/tau检测或PET）
优先级：三级：根据需要考虑
目的：在临床判断仍不明确或需要专科分层时，进一步评估AD相关病理改变。",本报告用于神经内科门诊初诊场景下的临床信息整理和辅助评估，不替代医生完成最终临床判断。,"本次辅助分析主要依据：
- 情绪、兴趣或行为改变较明显；
- 同时存在认知下降线索；
- 症状出现先后顺序影响鉴别方向；
- 早期人格改变需谨慎解释AD相关性。","本次辅助分析主要依据：
- 情绪、兴趣或行为改变较明显；
- 同时存在认知下降线索；
- 症状出现先后顺序影响鉴别方向；
- 早期人格改变需谨慎解释AD相关性。",以上结果基于当前录入信息进行辅助分析，不能替代临床诊断；需要结合完整病史、神经心理评估、体格检查及必要的辅助检查综合判断。,当前重点关注行为精神表现与认知下降的先后顺序，判断行为改变是伴随症状还是主要起病表现。,建议进一步询问：情绪、兴趣、人格或行为改变的起病时间；是否早于认知下降；是否有冲动、淡漠、脱抑制或睡眠改变；照护者观察到的具体变化；是否存在精神科既往史。,当前未记录行为改变是否早于认知下降，也未充分记录精神科病史、用药影响和照护环境因素。,"【主要临床表现】患者目前主要表现为情绪、兴趣或行为改变伴认知下降线索。
【主要受累领域】当前主要关注行为精神表现及认知功能关系。
【当前评估方向】临床表现与行为症状伴认知障碍的鉴别评估方向存在一定一致性，需要结合病史、认知评估和辅助检查综合判断。
【建议下一步】明确行为变化与认知下降的先后顺序，并补充照护者访谈。",MoCA/MMSE：一级：优先建议；头颅MRI及基础实验室检查：二级：建议完善；AD相关生物标志物：三级：根据需要考虑。,MoCA/MMSE用于明确整体认知水平和主要受累领域；头颅MRI及基础实验室检查用于评估脑结构改变并排除其他导致认知下降的因素；AD相关生物标志物用于在需要进一步明确AD病理改变时考虑。,信息部分缺失：建议补充行为变化出现时间、是否早于认知下降和人格改变情况。,行为改变需关注抑郁焦虑、睡眠障碍、药物影响、照护环境和额颞叶相关线索。,1. 临床摘要卡片；2. 患者基本信息；3. 主要临床表现总结；4. 认知领域分析；5. AD相关临床模式分析；6. 疾病阶段辅助评估；7. 鉴别诊断方向；8. 建议进一步完善的评估项目；9. 后续问诊建议；10. 判断依据；11. 系统说明。,当前重点关注：行为改变出现时间及其与认知下降之间的关系。,当前资料提示行为精神表现与认知下降线索并存，二者先后关系需要进一步明确。,建议补充照护者访谈，明确行为改变与认知下降的时间关系，并评估精神科和用药因素。,初步临床印象：当前患者行为精神表现与认知下降线索并存，建议重点明确行为改变出现时间及其与认知变化之间的关系。,若行为改变明显或早于认知下降，建议进一步进行神经内科及必要的精神心理相关评估。,医生补充备注：医生可根据问诊、查体及患者家属补充信息进行记录。示例：家属补充患者近半年记忆下降明显，夜间睡眠质量下降。,本系统基于患者当前录入的临床表现、标准化医学概念以及医学知识规则进行辅助分析，用于帮助医生整理症状特点、明确评估方向并提供进一步检查建议。系统输出不能替代医生诊断，最终判断需结合患者完整病史、体格检查、神经心理评估及辅助检查结果综合确定。,功能影响程度需结合当前输入动态判断；行为精神表现突出时需同时评估照护负担和日常功能变化。
AD_STRUCT_REPORT_CN_013,AD_PATTERN_013,患者目前精神行为症状较为明显，如幻觉、妄想或显著行为改变，同时需要评估其与认知下降、药物和躯体疾病之间的关系。,主要受累领域：精神行为症状及注意/意识状态。可能涉及领域：认知波动、睡眠和药物相关因素。尚需评估领域：谵妄、路易体相关线索和功能影响程度。,AD相关临床模式分析：精神行为症状对AD相关性的提示有限，应优先评估症状急慢性、认知波动、用药和躯体因素。,疾病阶段辅助评估：精神行为症状明显时，更适合纳入痴呆相关精神行为症状及其他病因的综合评估范围。,"疾病方向：谵妄或躯体急性问题
关注原因：精神行为症状急性出现时，应先排查感染、代谢异常和药物影响。
疾病方向：路易体相关认知障碍
关注原因：若视觉幻觉、认知波动和帕金森样表现突出，需要重点鉴别。
疾病方向：精神科疾病
关注原因：若精神症状早于认知下降或缺乏进行性认知变化，需要进一步评估。","检查项目：MoCA/MMSE及必要的神经心理测评
优先级：一级：优先建议
目的：明确整体认知水平、主要受累领域及是否存在客观认知下降。
检查项目：头颅MRI及基础实验室检查
优先级：二级：建议完善
目的：评估脑结构改变，并辅助排除血管性、代谢性、药物性或其他可逆原因。
检查项目：AD相关生物标志物（血液标志物、脑脊液Aβ/tau检测或PET）
优先级：三级：根据需要考虑
目的：在临床判断仍不明确或需要专科分层时，进一步评估AD相关病理改变。",本报告用于神经内科门诊初诊场景下的临床信息整理和辅助评估，不替代医生完成最终临床判断。,"本次辅助分析主要依据：
- 幻觉、妄想或明显行为异常；
- 需确认意识状态和用药影响；
- 精神行为症状需与认知下降关系并行评估；
- 路易体相关和谵妄方向需重点关注。","本次辅助分析主要依据：
- 幻觉、妄想或明显行为异常；
- 需确认意识状态和用药影响；
- 精神行为症状需与认知下降关系并行评估；
- 路易体相关和谵妄方向需重点关注。",以上结果基于当前录入信息进行辅助分析，不能替代临床诊断；需要结合完整病史、神经心理评估、体格检查及必要的辅助检查综合判断。,当前重点关注精神行为症状的急慢性、波动性及诱因，需优先排查谵妄、药物和躯体疾病影响。,建议进一步询问：幻觉、妄想或行为异常是否急性出现；是否有感染、代谢异常、疼痛、睡眠剥夺或新近用药；症状是否波动；是否伴认知下降、帕金森样表现或跌倒。,当前未记录感染、代谢异常、药物改变或意识波动等诱因，精神行为症状的病因仍需谨慎判断。,"【主要临床表现】患者目前主要表现为幻觉、妄想或明显行为异常。
【主要受累领域】当前主要关注精神行为症状与注意/意识状态领域。
【当前评估方向】临床表现与痴呆相关精神行为症状及可逆因素评估方向存在一定一致性，需要结合病史、认知评估和辅助检查综合判断。
【建议下一步】优先排查谵妄、药物、感染和代谢因素，再完成认知评估。",MoCA/MMSE：一级：优先建议；头颅MRI及基础实验室检查：二级：建议完善；AD相关生物标志物：三级：根据需要考虑。,MoCA/MMSE用于明确整体认知水平和主要受累领域；头颅MRI及基础实验室检查用于评估脑结构改变并排除其他导致认知下降的因素；AD相关生物标志物用于在需要进一步明确AD病理改变时考虑。,信息不足：当前精神行为症状需要补充急慢性、意识状态、用药变化和感染代谢因素。,精神行为症状需优先关注感染、代谢异常、疼痛、睡眠剥夺、药物影响和谵妄风险。,1. 临床摘要卡片；2. 患者基本信息；3. 主要临床表现总结；4. 认知领域分析；5. AD相关临床模式分析；6. 疾病阶段辅助评估；7. 鉴别诊断方向；8. 建议进一步完善的评估项目；9. 后续问诊建议；10. 判断依据；11. 系统说明。,当前重点关注：精神行为症状是否急性出现或波动明显，并优先排查躯体、药物和意识状态因素。,当前资料提示精神行为症状较明显，需优先判断是否存在急性或可逆诱因。,建议先排查感染、代谢异常、用药改变和意识波动，再进行稳定状态下的认知评估。,初步临床印象：当前患者精神行为症状较明显，需优先关注症状急慢性、意识状态、用药和感染代谢因素，再进行稳定状态下的认知评估。,若存在快速进展、明显行为改变或其他神经系统异常表现，建议进一步进行专科评估。,医生补充备注：医生可根据问诊、查体及患者家属补充信息进行记录。示例：家属补充患者近半年记忆下降明显，夜间睡眠质量下降。,本系统基于患者当前录入的临床表现、标准化医学概念以及医学知识规则进行辅助分析，用于帮助医生整理症状特点、明确评估方向并提供进一步检查建议。系统输出不能替代医生诊断，最终判断需结合患者完整病史、体格检查、神经心理评估及辅助检查结果综合确定。,功能影响程度需结合当前输入动态判断；若精神行为症状伴功能下降，应优先评估安全风险、照护需求和可逆因素。
AD_STRUCT_REPORT_CN_014,AD_PATTERN_014,患者目前以注意维持困难、认知波动或多任务处理下降为重要线索，记忆表现和意识状态变化需进一步梳理。,主要受累领域：注意功能或认知波动。可能涉及领域：记忆、执行和视觉空间表现。尚需评估领域：意识状态、睡眠障碍、用药和代谢因素。,AD相关临床模式分析：注意功能改变或认知波动并非典型记忆主导型AD早期表现，应优先关注谵妄、睡眠障碍、药物影响和路易体相关方向。,疾病阶段辅助评估：注意功能或认知波动突出时，不宜过早归入AD连续谱，应先明确是否存在谵妄、睡眠障碍、药物影响或路易体相关线索。,"疾病方向：谵妄
关注原因：急性注意障碍或意识波动需要优先排除。
疾病方向：路易体相关认知障碍
关注原因：认知波动、视觉幻觉和睡眠行为异常共同出现时需要关注。
疾病方向：睡眠障碍或药物影响
关注原因：睡眠不足、镇静药物或抗胆碱药物可影响注意和认知表现。","检查项目：MoCA/MMSE及必要的神经心理测评
优先级：一级：优先建议
目的：明确整体认知水平、主要受累领域及是否存在客观认知下降。
检查项目：头颅MRI及基础实验室检查
优先级：二级：建议完善
目的：评估脑结构改变，并辅助排除血管性、代谢性、药物性或其他可逆原因。
检查项目：AD相关生物标志物（血液标志物、脑脊液Aβ/tau检测或PET）
优先级：三级：根据需要考虑
目的：在临床判断仍不明确或需要专科分层时，进一步评估AD相关病理改变。",本报告用于神经内科门诊初诊场景下的临床信息整理和辅助评估，不替代医生完成最终临床判断。,"本次辅助分析主要依据：
- 注意维持困难或认知波动；
- 多认知域表现可能受注意状态影响；
- 急性注意障碍需先排除谵妄；
- 睡眠、药物和代谢因素需同步核查。","本次辅助分析主要依据：
- 注意维持困难或认知波动；
- 多认知域表现可能受注意状态影响；
- 急性注意障碍需先排除谵妄；
- 睡眠、药物和代谢因素需同步核查。",以上结果基于当前录入信息进行辅助分析，不能替代临床诊断；需要结合完整病史、神经心理评估、体格检查及必要的辅助检查综合判断。,当前重点关注注意障碍或认知波动是否提示非典型病因，需先明确意识状态、睡眠和药物因素。,建议进一步询问：注意不集中是否呈波动性；是否有日间嗜睡、睡眠行为异常或视觉幻觉；近期感染、脱水、用药改变和代谢异常；记忆下降是否在注意稳定时仍存在。,当前未记录是否存在急性意识障碍、睡眠行为异常、视觉幻觉或新近用药改变，这些信息对鉴别非常关键。,"【主要临床表现】患者目前主要表现为注意维持困难或认知波动。
【主要受累领域】当前主要关注注意功能和认知波动领域。
【当前评估方向】临床表现与非典型认知障碍或可逆因素鉴别评估方向存在一定一致性，需要结合病史、认知评估和辅助检查综合判断。
【建议下一步】先评估意识、睡眠、用药和代谢因素，再判断认知域受累情况。",MoCA/MMSE：一级：优先建议；头颅MRI及基础实验室检查：二级：建议完善；AD相关生物标志物：三级：根据需要考虑。,MoCA/MMSE用于明确整体认知水平和主要受累领域；头颅MRI及基础实验室检查用于评估脑结构改变并排除其他导致认知下降的因素；AD相关生物标志物用于在需要进一步明确AD病理改变时考虑。,信息不足：当前注意波动线索需要补充睡眠、用药、意识状态和分时段观察信息。,注意波动需关注谵妄、睡眠障碍、药物影响、感染代谢异常和路易体相关线索。,1. 临床摘要卡片；2. 患者基本信息；3. 主要临床表现总结；4. 认知领域分析；5. AD相关临床模式分析；6. 疾病阶段辅助评估；7. 鉴别诊断方向；8. 建议进一步完善的评估项目；9. 后续问诊建议；10. 判断依据；11. 系统说明。,当前重点关注：注意障碍或认知波动是否提示谵妄、睡眠障碍、药物影响或路易体相关线索。,当前资料提示注意功能或认知波动较突出，应先核查意识状态、睡眠和用药因素。,建议优先评估谵妄、睡眠障碍、药物影响和路易体相关线索，再完成认知域分析。,初步临床印象：当前患者注意维持困难或认知波动较突出，提示需优先排查谵妄、睡眠障碍、药物影响或路易体相关线索。,若存在认知波动、意识改变或其他神经系统异常表现，建议优先进行专科评估并排查可逆因素。,医生补充备注：医生可根据问诊、查体及患者家属补充信息进行记录。示例：家属补充患者近半年记忆下降明显，夜间睡眠质量下降。,本系统基于患者当前录入的临床表现、标准化医学概念以及医学知识规则进行辅助分析，用于帮助医生整理症状特点、明确评估方向并提供进一步检查建议。系统输出不能替代医生诊断，最终判断需结合患者完整病史、体格检查、神经心理评估及辅助检查结果综合确定。,功能影响程度需结合当前输入动态判断；注意波动明显时需先明确意识状态和可逆因素，再解释功能影响。
AD_STRUCT_REPORT_CN_015,AD_PATTERN_015,患者目前认知改变已可能影响基本生活活动，照护需求和安全风险需要在初诊评估中同步记录。,主要受累领域：基本生活活动功能影响。可能涉及领域：记忆、执行或视觉空间改变。尚需评估领域：照护需求、安全风险、躯体功能和疾病阶段。,AD相关临床模式分析：基本生活活动受影响时，功能下降优先级高于单一认知领域模式，应重点评估疾病阶段、照护需求和安全风险。,疾病阶段辅助评估：基本生活活动已受影响时，病情可能接近进展期痴呆阶段评估范围，但需确认功能下降是否由认知障碍本身所致。,"疾病方向：非认知因素导致的生活能力下降
关注原因：卒中后遗症、帕金森综合征、衰弱或疼痛可导致基本生活活动受限。
疾病方向：进展期神经退行性认知障碍
关注原因：若功能下降与进行性认知改变一致，需要评估照护需求和安全风险。","检查项目：MoCA/MMSE及必要的神经心理测评
优先级：一级：优先建议
目的：明确整体认知水平、主要受累领域及是否存在客观认知下降。
检查项目：头颅MRI及基础实验室检查
优先级：二级：建议完善
目的：评估脑结构改变，并辅助排除血管性、代谢性、药物性或其他可逆原因。
检查项目：AD相关生物标志物（血液标志物、脑脊液Aβ/tau检测或PET）
优先级：三级：根据需要考虑
目的：在临床判断仍不明确或需要专科分层时，进一步评估AD相关病理改变。",本报告用于神经内科门诊初诊场景下的临床信息整理和辅助评估，不替代医生完成最终临床判断。,"本次辅助分析主要依据：
- 基本生活活动已受到影响；
- 功能下降提示需要评估照护需求；
- 需确认认知改变与功能受限的因果关系；
- 躯体衰弱、卒中或运动障碍需鉴别。","本次辅助分析主要依据：
- 基本生活活动已受到影响；
- 功能下降提示需要评估照护需求；
- 需确认认知改变与功能受限的因果关系；
- 躯体衰弱、卒中或运动障碍需鉴别。",以上结果基于当前录入信息进行辅助分析，不能替代临床诊断；需要结合完整病史、神经心理评估、体格检查及必要的辅助检查综合判断。,当前重点关注基本生活活动受影响的原因和照护风险，需区分认知下降、躯体衰弱和运动障碍等不同来源。,建议进一步询问：洗漱、穿衣、进食、如厕和转移活动中哪些需要帮助；功能下降是否与认知、运动或躯体疾病相关；照护压力、安全风险和营养状态；既往卒中或帕金森样症状。,当前未记录基本生活活动下降是否由认知改变单独导致，也未充分记录运动、卒中和衰弱因素。,"【主要临床表现】患者目前主要表现为认知改变伴基本生活活动受影响。
【主要受累领域】当前主要关注日常生活功能与照护需求领域。
【当前评估方向】临床表现与进展期认知障碍和功能来源评估方向存在一定一致性，需要结合病史、认知评估和辅助检查综合判断。
【建议下一步】结合功能量表、照护风险、躯体功能和结构影像学检查综合评估。",MoCA/MMSE：一级：优先建议；头颅MRI及基础实验室检查：二级：建议完善；AD相关生物标志物：三级：根据需要考虑。,MoCA/MMSE用于明确整体认知水平和主要受累领域；头颅MRI及基础实验室检查用于评估脑结构改变并排除其他导致认知下降的因素；AD相关生物标志物用于在需要进一步明确AD病理改变时考虑。,信息较完整：基本生活能力受影响信息较充分，建议补充照护需求和躯体功能来源。,基本生活活动受影响需关注躯体衰弱、运动障碍、卒中后遗症、营养状态、照护压力和安全风险。,1. 临床摘要卡片；2. 患者基本信息；3. 主要临床表现总结；4. 认知领域分析；5. AD相关临床模式分析；6. 疾病阶段辅助评估；7. 鉴别诊断方向；8. 建议进一步完善的评估项目；9. 后续问诊建议；10. 判断依据；11. 系统说明。,当前重点关注：认知变化对患者基本生活能力、照护需求和安全风险的影响程度。,当前资料提示基本生活活动已受影响，需明确认知下降与功能受限之间的关系。,建议进行日常生活能力量表、照护风险评估和基础认知评估，并排查躯体因素。,初步临床印象：当前患者认知改变伴基本生活活动受影响，提示需要评估照护需求、安全风险及功能下降来源。,建议神经内科进一步完善认知功能、功能状态、照护需求和病因学相关检查。,医生补充备注：医生可根据问诊、查体及患者家属补充信息进行记录。示例：家属补充患者近半年记忆下降明显，夜间睡眠质量下降。,本系统基于患者当前录入的临床表现、标准化医学概念以及医学知识规则进行辅助分析，用于帮助医生整理症状特点、明确评估方向并提供进一步检查建议。系统输出不能替代医生诊断，最终判断需结合患者完整病史、体格检查、神经心理评估及辅助检查结果综合确定。,functional_decline=3：基本生活活动受到影响，需要重点评估疾病阶段和照护需求。
AD_STRUCT_REPORT_CN_016,AD_PATTERN_016,患者目前以非记忆主导的认知改变和功能下降为主要线索，临床解释需避免过早归因于单一疾病。,主要受累领域：功能影响程度及非遗忘型认知改变。可能涉及领域：语言、执行或视觉空间系统。尚需评估领域：额颞叶、血管性、路易体相关方向及记忆功能相对保留情况。,AD相关临床模式分析：非遗忘型表现伴功能下降时，应优先考虑功能影响和非遗忘型病因鉴别，不宜输出单纯记忆主导型模式。,疾病阶段辅助评估：非遗忘型表现伴功能下降时，可能已进入需要系统评估的认知障碍范围，但病因方向仍需谨慎鉴别。,"疾病方向：额颞叶痴呆
关注原因：非记忆主导且伴早期行为或语言改变时需要重点鉴别。
疾病方向：血管性认知障碍
关注原因：若执行或步态问题伴血管危险因素，需要关注。
疾病方向：路易体相关认知障碍
关注原因：若伴波动、幻觉或帕金森样表现，需要进一步评估。","检查项目：MoCA/MMSE及必要的神经心理测评
优先级：一级：优先建议
目的：明确整体认知水平、主要受累领域及是否存在客观认知下降。
检查项目：头颅MRI及基础实验室检查
优先级：二级：建议完善
目的：评估脑结构改变，并辅助排除血管性、代谢性、药物性或其他可逆原因。
检查项目：AD相关生物标志物（血液标志物、脑脊液Aβ/tau检测或PET）
优先级：三级：根据需要考虑
目的：在临床判断仍不明确或需要专科分层时，进一步评估AD相关病理改变。",本报告用于神经内科门诊初诊场景下的临床信息整理和辅助评估，不替代医生完成最终临床判断。,"本次辅助分析主要依据：
- 非记忆主导表现伴功能下降；
- 语言、执行或视觉空间线索可能更突出；
- 记忆功能是否相对保留需客观确认；
- 需并行评估FTD、血管性和路易体相关疾病。","本次辅助分析主要依据：
- 非记忆主导表现伴功能下降；
- 语言、执行或视觉空间线索可能更突出；
- 记忆功能是否相对保留需客观确认；
- 需并行评估FTD、血管性和路易体相关疾病。",以上结果基于当前录入信息进行辅助分析，不能替代临床诊断；需要结合完整病史、神经心理评估、体格检查及必要的辅助检查综合判断。,当前重点关注非遗忘型认知改变的主导领域及功能影响，需避免过早将病因归入单一AD方向。,建议进一步询问：最突出的非记忆症状属于语言、执行还是视觉空间领域；功能下降的具体场景；是否有早期行为改变、卒中史或认知波动；记忆功能是否相对保留。,当前未记录非遗忘型症状的主要领域、起病顺序和客观测评结果，AD相关性仍需进一步评估。,"【主要临床表现】患者目前主要表现为非记忆主导的认知改变伴功能下降。
【主要受累领域】当前主要关注语言、执行或视觉空间等非遗忘领域。
【当前评估方向】临床表现与非遗忘型认知障碍鉴别评估方向存在一定一致性，需要结合病史、认知评估和辅助检查综合判断。
【建议下一步】明确主导认知领域，并并行评估额颞叶、血管性和路易体相关线索。",MoCA/MMSE：一级：优先建议；头颅MRI及基础实验室检查：二级：建议完善；AD相关生物标志物：三级：根据需要考虑。,MoCA/MMSE用于明确整体认知水平和主要受累领域；头颅MRI及基础实验室检查用于评估脑结构改变并排除其他导致认知下降的因素；AD相关生物标志物用于在需要进一步明确AD病理改变时考虑。,信息部分缺失：建议补充非记忆主导症状的主要领域、起病顺序和功能影响场景。,非遗忘型表现需关注额颞叶变性、血管性因素、睡眠和药物影响，以及语言/执行/视觉空间领域的主次关系。,1. 临床摘要卡片；2. 患者基本信息；3. 主要临床表现总结；4. 认知领域分析；5. AD相关临床模式分析；6. 疾病阶段辅助评估；7. 鉴别诊断方向；8. 建议进一步完善的评估项目；9. 后续问诊建议；10. 判断依据；11. 系统说明。,当前重点关注：非记忆主导症状的主要领域，以及功能下降是否提示其他神经退行性或血管性病因。,当前资料提示非记忆主导的认知改变伴功能影响，病因方向仍需谨慎鉴别。,建议明确非遗忘型主导领域，并并行评估额颞叶、血管性和路易体相关方向。,初步临床印象：当前患者以非记忆主导的认知改变伴功能下降为主要线索，建议并行评估额颞叶、血管性、路易体相关及其他病因方向。,建议进一步进行神经内科专科评估，明确非记忆主导症状的主要认知领域和鉴别方向。,医生补充备注：医生可根据问诊、查体及患者家属补充信息进行记录。示例：家属补充患者近半年记忆下降明显，夜间睡眠质量下降。,本系统基于患者当前录入的临床表现、标准化医学概念以及医学知识规则进行辅助分析，用于帮助医生整理症状特点、明确评估方向并提供进一步检查建议。系统输出不能替代医生诊断，最终判断需结合患者完整病史、体格检查、神经心理评估及辅助检查结果综合确定。,functional_decline>=2：工具性生活活动或更高层级日常功能受到影响，需要进一步评估功能下降程度和非遗忘型病因方向。
AD_STRUCT_REPORT_CN_017,AD_PATTERN_017,患者目前录入信息尚未形成清晰的AD相关临床表现组合，建议补充症状起病方式、进展速度、功能影响和家属观察信息。,主要受累领域：当前资料尚不足以稳定判断。可能涉及领域：需根据补充病史和量表结果再分层。尚需评估领域：病程、功能影响、家属观察和临床提示信息。,AD相关临床模式分析：当前资料尚不足以支持稳定AD相关临床模式，应先补充病史、功能影响和客观测评结果。,疾病阶段辅助评估：当前录入信息尚不足以支持明确的AD相关临床模式或阶段判断，建议补充病史、量表和随访资料后重新评估。,"疾病方向：可逆性认知改变
关注原因：资料不足时需优先排查情绪、睡眠、药物、代谢和感染因素。
疾病方向：脑血管病相关认知改变
关注原因：若补充病史提示卒中史或阶梯式下降，需要进一步评估。","检查项目：MoCA/MMSE及必要的神经心理测评
优先级：一级：优先建议
目的：明确整体认知水平、主要受累领域及是否存在客观认知下降。
检查项目：头颅MRI及基础实验室检查
优先级：二级：建议完善
目的：评估脑结构改变，并辅助排除血管性、代谢性、药物性或其他可逆原因。
检查项目：AD相关生物标志物（血液标志物、脑脊液Aβ/tau检测或PET）
优先级：三级：根据需要考虑
目的：在临床判断仍不明确或需要专科分层时，进一步评估AD相关病理改变。",本报告用于神经内科门诊初诊场景下的临床信息整理和辅助评估，不替代医生完成最终临床判断。,"本次辅助分析主要依据：
- 当前症状组合尚不充分；
- 功能状态和病程信息仍需补充；
- 暂未形成稳定AD相关临床模式；
- 建议补充量表、家属访谈和随访资料。","本次辅助分析主要依据：
- 当前症状组合尚不充分；
- 功能状态和病程信息仍需补充；
- 暂未形成稳定AD相关临床模式；
- 建议补充量表、家属访谈和随访资料。",以上结果基于当前录入信息进行辅助分析，不能替代临床诊断；需要结合完整病史、神经心理评估、体格检查及必要的辅助检查综合判断。,当前重点关注信息完整性不足的问题，需要补充病程、功能影响和照护者观察后再进行临床模式判断。,建议进一步询问：症状起病时间、进展速度、主要困扰、功能影响、家属观察和既往基线；是否存在情绪睡眠问题、药物影响、卒中史或其他可逆因素。,当前未记录足够的阳性和阴性信息，尤其缺少病程、功能影响、红旗症状和家属观察。,"【主要临床表现】患者目前主要表现为信息尚不足以形成稳定临床模式。
【主要受累领域】当前主要关注待补充病史和核心认知领域。
【当前评估方向】临床表现与资料完善后的AD相关模式再评估方向存在一定一致性，需要结合病史、认知评估和辅助检查综合判断。
【建议下一步】补充病程、功能影响、家属观察、红旗信息和基础认知筛查。",MoCA/MMSE：一级：优先建议；头颅MRI及基础实验室检查：二级：建议完善；AD相关生物标志物：三级：根据需要考虑。,MoCA/MMSE用于明确整体认知水平和主要受累领域；头颅MRI及基础实验室检查用于评估脑结构改变并排除其他导致认知下降的因素；AD相关生物标志物用于在需要进一步明确AD病理改变时考虑。,信息不足：当前主要依据单一或有限症状描述，建议完善病史采集、功能影响和家属观察。,信息不足时应系统关注年龄、情绪睡眠、药物、代谢因素、血管危险因素和家属观察，避免过早下结论。,1. 临床摘要卡片；2. 患者基本信息；3. 主要临床表现总结；4. 认知领域分析；5. AD相关临床模式分析；6. 疾病阶段辅助评估；7. 鉴别诊断方向；8. 建议进一步完善的评估项目；9. 后续问诊建议；10. 判断依据；11. 系统说明。,当前重点关注：当前信息不足，需要补充关键病史后再判断是否形成稳定临床模式。,当前资料尚不足以支持稳定临床模式归纳，需完善病史和功能信息。,建议补充年龄、病程、起病方式、功能影响、家属观察和基础认知筛查信息。,初步临床印象：当前临床信息尚不足以形成稳定模式判断，建议完善病史采集、功能评估及基础认知检查后综合判断。,当前临床信息不足，建议进一步完善病史采集、功能评估及基础认知检查后综合判断。,医生补充备注：医生可根据问诊、查体及患者家属补充信息进行记录。示例：家属补充患者近半年记忆下降明显，夜间睡眠质量下降。,本系统基于患者当前录入的临床表现、标准化医学概念以及医学知识规则进行辅助分析，用于帮助医生整理症状特点、明确评估方向并提供进一步检查建议。系统输出不能替代医生诊断，最终判断需结合患者完整病史、体格检查、神经心理评估及辅助检查结果综合确定。,functional_decline=0：认知变化目前未明显影响日常独立性；当前信息不足时需补充功能影响资料。
