Input_Symptom_ID,Patient_Expression_CN,Standard_Clinical_Term_CN,Standard_Clinical_Term_EN,Feature_Name,Symptom_Category_CN,Clinical_Importance_CN
AD_INPUT_CN_0001,最近发生的事总记不住,情景记忆损害,Episodic memory impairment,memory_impairment,记忆功能,近期记忆下降、情景记忆损害或反复提问是典型AD相关认知损害常见的早期线索之一，需要结合病程进展和客观测评判断。
AD_INPUT_CN_0002,刚经历过的事情转头就忘,情景记忆损害,Episodic memory impairment,memory_impairment,记忆功能,近期记忆下降、情景记忆损害或反复提问是典型AD相关认知损害常见的早期线索之一，需要结合病程进展和客观测评判断。
AD_INPUT_CN_0003,最近总忘刚发生的事情,情景记忆损害,Episodic memory impairment,memory_impairment,记忆功能,近期记忆下降、情景记忆损害或反复提问是典型AD相关认知损害常见的早期线索之一，需要结合病程进展和客观测评判断。
AD_INPUT_CN_0004,刚聊过的内容很快想不起来,情景记忆损害,Episodic memory impairment,memory_impairment,记忆功能,近期记忆下降、情景记忆损害或反复提问是典型AD相关认知损害常见的早期线索之一，需要结合病程进展和客观测评判断。
AD_INPUT_CN_0005,最近总忘事情,近期记忆下降,Recent memory loss,memory_impairment,记忆功能,近期记忆下降、情景记忆损害或反复提问是典型AD相关认知损害常见的早期线索之一，需要结合病程进展和客观测评判断。
AD_INPUT_CN_0006,近来的事情记不住,近期记忆下降,Recent memory loss,memory_impairment,记忆功能,近期记忆下降、情景记忆损害或反复提问是典型AD相关认知损害常见的早期线索之一，需要结合病程进展和客观测评判断。
AD_INPUT_CN_0007,刚说过的话马上忘,近期记忆下降,Recent memory loss,memory_impairment,记忆功能,近期记忆下降、情景记忆损害或反复提问是典型AD相关认知损害常见的早期线索之一，需要结合病程进展和客观测评判断。
AD_INPUT_CN_0008,最近记性明显变差,近期记忆下降,Recent memory loss,memory_impairment,记忆功能,近期记忆下降、情景记忆损害或反复提问是典型AD相关认知损害常见的早期线索之一，需要结合病程进展和客观测评判断。
AD_INPUT_CN_0009,学新的东西很吃力,新信息学习能力下降,Learning impairment,memory_impairment,记忆功能,近期记忆下降、情景记忆损害或反复提问是典型AD相关认知损害常见的早期线索之一，需要结合病程进展和客观测评判断。
AD_INPUT_CN_0010,新教他的事情过一会儿又忘,新信息学习能力下降,Learning impairment,memory_impairment,记忆功能,近期记忆下降、情景记忆损害或反复提问是典型AD相关认知损害常见的早期线索之一，需要结合病程进展和客观测评判断。
AD_INPUT_CN_0011,最近学不会新的操作,新信息学习能力下降,Learning impairment,memory_impairment,记忆功能,近期记忆下降、情景记忆损害或反复提问是典型AD相关认知损害常见的早期线索之一，需要结合病程进展和客观测评判断。
AD_INPUT_CN_0012,别人刚告诉的方法很快就记不住,新信息学习能力下降,Learning impairment,memory_impairment,记忆功能,近期记忆下降、情景记忆损害或反复提问是典型AD相关认知损害常见的早期线索之一，需要结合病程进展和客观测评判断。
AD_INPUT_CN_0013,经常重复问同一个问题,反复提问,Repetitive questioning,memory_impairment,记忆功能,近期记忆下降、情景记忆损害或反复提问是典型AD相关认知损害常见的早期线索之一，需要结合病程进展和客观测评判断。
AD_INPUT_CN_0014,刚问过的问题一会儿又问,反复提问,Repetitive questioning,memory_impairment,记忆功能,近期记忆下降、情景记忆损害或反复提问是典型AD相关认知损害常见的早期线索之一，需要结合病程进展和客观测评判断。
AD_INPUT_CN_0015,一天里反复确认同一件事,反复提问,Repetitive questioning,memory_impairment,记忆功能,近期记忆下降、情景记忆损害或反复提问是典型AD相关认知损害常见的早期线索之一，需要结合病程进展和客观测评判断。
AD_INPUT_CN_0016,家属说他总重复问时间和安排,反复提问,Repetitive questioning,memory_impairment,记忆功能,近期记忆下降、情景记忆损害或反复提问是典型AD相关认知损害常见的早期线索之一，需要结合病程进展和客观测评判断。
AD_INPUT_CN_0017,经常忘记约好的事情,忘记预约或计划事项,Forgetting appointments,memory_impairment,记忆功能,近期记忆下降、情景记忆损害或反复提问是典型AD相关认知损害常见的早期线索之一，需要结合病程进展和客观测评判断。
AD_INPUT_CN_0018,预约好的检查总忘,忘记预约或计划事项,Forgetting appointments,memory_impairment,记忆功能,近期记忆下降、情景记忆损害或反复提问是典型AD相关认知损害常见的早期线索之一，需要结合病程进展和客观测评判断。
AD_INPUT_CN_0019,说好要做的安排常常忘掉,忘记预约或计划事项,Forgetting appointments,memory_impairment,记忆功能,近期记忆下降、情景记忆损害或反复提问是典型AD相关认知损害常见的早期线索之一，需要结合病程进展和客观测评判断。
AD_INPUT_CN_0020,最近老忘记自己的计划,忘记预约或计划事项,Forgetting appointments,memory_impairment,记忆功能,近期记忆下降、情景记忆损害或反复提问是典型AD相关认知损害常见的早期线索之一，需要结合病程进展和客观测评判断。
AD_INPUT_CN_0021,过一会儿就想不起刚记的内容,延迟回忆能力下降,Poor delayed recall,memory_impairment,记忆功能,近期记忆下降、情景记忆损害或反复提问是典型AD相关认知损害常见的早期线索之一，需要结合病程进展和客观测评判断。
AD_INPUT_CN_0022,隔一段时间再问就回忆不出来,延迟回忆能力下降,Poor delayed recall,memory_impairment,记忆功能,近期记忆下降、情景记忆损害或反复提问是典型AD相关认知损害常见的早期线索之一，需要结合病程进展和客观测评判断。
AD_INPUT_CN_0023,刚学的信息延后再问就忘了,延迟回忆能力下降,Poor delayed recall,memory_impairment,记忆功能,近期记忆下降、情景记忆损害或反复提问是典型AD相关认知损害常见的早期线索之一，需要结合病程进展和客观测评判断。
AD_INPUT_CN_0024,提示后仍难想起刚才内容,延迟回忆能力下降,Poor delayed recall,memory_impairment,记忆功能,近期记忆下降、情景记忆损害或反复提问是典型AD相关认知损害常见的早期线索之一，需要结合病程进展和客观测评判断。
AD_INPUT_CN_0025,最近去过哪里常想不起来,近期个人经历记忆困难,Autobiographical memory difficulty,memory_impairment,记忆功能,近期记忆下降、情景记忆损害或反复提问是典型AD相关认知损害常见的早期线索之一，需要结合病程进展和客观测评判断。
AD_INPUT_CN_0026,刚见过谁过后就忘,近期个人经历记忆困难,Autobiographical memory difficulty,memory_impairment,记忆功能,近期记忆下降、情景记忆损害或反复提问是典型AD相关认知损害常见的早期线索之一，需要结合病程进展和客观测评判断。
AD_INPUT_CN_0027,最近发生在自己身上的事记不清,近期个人经历记忆困难,Autobiographical memory difficulty,memory_impairment,记忆功能,近期记忆下降、情景记忆损害或反复提问是典型AD相关认知损害常见的早期线索之一，需要结合病程进展和客观测评判断。
AD_INPUT_CN_0028,当天经历的事情回忆困难,近期个人经历记忆困难,Autobiographical memory difficulty,memory_impairment,记忆功能,近期记忆下降、情景记忆损害或反复提问是典型AD相关认知损害常见的早期线索之一，需要结合病程进展和客观测评判断。
AD_INPUT_CN_0029,自己觉得记性下降但生活还能自理,独立生活保留的主观记忆下降,Memory complaint with preserved independence,memory_impairment,记忆功能,近期记忆下降、情景记忆损害或反复提问是典型AD相关认知损害常见的早期线索之一，需要结合病程进展和客观测评判断。
AD_INPUT_CN_0030,总觉得记忆不如以前但还能独立生活,独立生活保留的主观记忆下降,Memory complaint with preserved independence,memory_impairment,记忆功能,近期记忆下降、情景记忆损害或反复提问是典型AD相关认知损害常见的早期线索之一，需要结合病程进展和客观测评判断。
AD_INPUT_CN_0031,主观感觉记性变差但日常事情还能完成,独立生活保留的主观记忆下降,Memory complaint with preserved independence,memory_impairment,记忆功能,近期记忆下降、情景记忆损害或反复提问是典型AD相关认知损害常见的早期线索之一，需要结合病程进展和客观测评判断。
AD_INPUT_CN_0032,担心自己健忘但基本生活没受影响,独立生活保留的主观记忆下降,Memory complaint with preserved independence,memory_impairment,记忆功能,近期记忆下降、情景记忆损害或反复提问是典型AD相关认知损害常见的早期线索之一，需要结合病程进展和客观测评判断。
AD_INPUT_CN_0033,以前能安排的事情现在安排不好,执行功能障碍,Executive dysfunction,executive_dysfunction,执行功能,计划、判断、问题解决和复杂任务处理下降可提示执行功能受损，若与记忆下降或功能受损并存，应进行多认知域评估。
AD_INPUT_CN_0034,做事情没有以前有条理,执行功能障碍,Executive dysfunction,executive_dysfunction,执行功能,计划、判断、问题解决和复杂任务处理下降可提示执行功能受损，若与记忆下降或功能受损并存，应进行多认知域评估。
AD_INPUT_CN_0035,处理复杂事情变得困难,执行功能障碍,Executive dysfunction,executive_dysfunction,执行功能,计划、判断、问题解决和复杂任务处理下降可提示执行功能受损，若与记忆下降或功能受损并存，应进行多认知域评估。
AD_INPUT_CN_0036,多步骤任务容易乱,执行功能障碍,Executive dysfunction,executive_dysfunction,执行功能,计划、判断、问题解决和复杂任务处理下降可提示执行功能受损，若与记忆下降或功能受损并存，应进行多认知域评估。
AD_INPUT_CN_0037,不会安排一天的事情,计划能力下降,Impaired planning,executive_dysfunction,执行功能,计划、判断、问题解决和复杂任务处理下降可提示执行功能受损，若与记忆下降或功能受损并存，应进行多认知域评估。
AD_INPUT_CN_0038,出门前准备总是漏东西,计划能力下降,Impaired planning,executive_dysfunction,执行功能,计划、判断、问题解决和复杂任务处理下降可提示执行功能受损，若与记忆下降或功能受损并存，应进行多认知域评估。
AD_INPUT_CN_0039,计划家务或行程变困难,计划能力下降,Impaired planning,executive_dysfunction,执行功能,计划、判断、问题解决和复杂任务处理下降可提示执行功能受损，若与记忆下降或功能受损并存，应进行多认知域评估。
AD_INPUT_CN_0040,以前能规划的事情现在做不好,计划能力下降,Impaired planning,executive_dysfunction,执行功能,计划、判断、问题解决和复杂任务处理下降可提示执行功能受损，若与记忆下降或功能受损并存，应进行多认知域评估。
AD_INPUT_CN_0041,遇到问题不知道怎么处理,问题解决能力下降,Problem-solving difficulty,executive_dysfunction,执行功能,计划、判断、问题解决和复杂任务处理下降可提示执行功能受损，若与记忆下降或功能受损并存，应进行多认知域评估。
AD_INPUT_CN_0042,简单突发情况也处理不好,问题解决能力下降,Problem-solving difficulty,executive_dysfunction,执行功能,计划、判断、问题解决和复杂任务处理下降可提示执行功能受损，若与记忆下降或功能受损并存，应进行多认知域评估。
AD_INPUT_CN_0043,需要别人帮忙解决以前能解决的问题,问题解决能力下降,Problem-solving difficulty,executive_dysfunction,执行功能,计划、判断、问题解决和复杂任务处理下降可提示执行功能受损，若与记忆下降或功能受损并存，应进行多认知域评估。
AD_INPUT_CN_0044,事情一复杂就不知道下一步怎么办,问题解决能力下降,Problem-solving difficulty,executive_dysfunction,执行功能,计划、判断、问题解决和复杂任务处理下降可提示执行功能受损，若与记忆下降或功能受损并存，应进行多认知域评估。
AD_INPUT_CN_0045,算账和付钱变困难,财务管理困难,Financial management difficulty,executive_dysfunction,执行功能,计划、判断、问题解决和复杂任务处理下降可提示执行功能受损，若与记忆下降或功能受损并存，应进行多认知域评估。
AD_INPUT_CN_0046,不会管理银行卡和账单,财务管理困难,Financial management difficulty,executive_dysfunction,执行功能,计划、判断、问题解决和复杂任务处理下降可提示执行功能受损，若与记忆下降或功能受损并存，应进行多认知域评估。
AD_INPUT_CN_0047,买东西找零容易出错,财务管理困难,Financial management difficulty,executive_dysfunction,执行功能,计划、判断、问题解决和复杂任务处理下降可提示执行功能受损，若与记忆下降或功能受损并存，应进行多认知域评估。
AD_INPUT_CN_0048,以前会管钱现在经常弄错,财务管理困难,Financial management difficulty,executive_dysfunction,执行功能,计划、判断、问题解决和复杂任务处理下降可提示执行功能受损，若与记忆下降或功能受损并存，应进行多认知域评估。
AD_INPUT_CN_0049,做决定明显不如以前,判断力下降,Impaired judgment,executive_dysfunction,执行功能,计划、判断、问题解决和复杂任务处理下降可提示执行功能受损，若与记忆下降或功能受损并存，应进行多认知域评估。
AD_INPUT_CN_0050,容易做出不合适的判断,判断力下降,Impaired judgment,executive_dysfunction,执行功能,计划、判断、问题解决和复杂任务处理下降可提示执行功能受损，若与记忆下降或功能受损并存，应进行多认知域评估。
AD_INPUT_CN_0051,对事情轻重缓急分不清,判断力下降,Impaired judgment,executive_dysfunction,执行功能,计划、判断、问题解决和复杂任务处理下降可提示执行功能受损，若与记忆下降或功能受损并存，应进行多认知域评估。
AD_INPUT_CN_0052,需要家属帮忙把关决定,判断力下降,Impaired judgment,executive_dysfunction,执行功能,计划、判断、问题解决和复杂任务处理下降可提示执行功能受损，若与记忆下降或功能受损并存，应进行多认知域评估。
AD_INPUT_CN_0053,换一种做法就不适应,认知灵活性下降,Reduced cognitive flexibility,executive_dysfunction,执行功能,计划、判断、问题解决和复杂任务处理下降可提示执行功能受损，若与记忆下降或功能受损并存，应进行多认知域评估。
AD_INPUT_CN_0054,事情一变就反应不过来,认知灵活性下降,Reduced cognitive flexibility,executive_dysfunction,执行功能,计划、判断、问题解决和复杂任务处理下降可提示执行功能受损，若与记忆下降或功能受损并存，应进行多认知域评估。
AD_INPUT_CN_0055,不能灵活调整原来的计划,认知灵活性下降,Reduced cognitive flexibility,executive_dysfunction,执行功能,计划、判断、问题解决和复杂任务处理下降可提示执行功能受损，若与记忆下降或功能受损并存，应进行多认知域评估。
AD_INPUT_CN_0056,遇到变化时很难转过弯,认知灵活性下降,Reduced cognitive flexibility,executive_dysfunction,执行功能,计划、判断、问题解决和复杂任务处理下降可提示执行功能受损，若与记忆下降或功能受损并存，应进行多认知域评估。
AD_INPUT_CN_0057,说话时总找不到合适的词,找词困难,Word-finding difficulty,language_impairment,语言功能,找词、命名或言语流畅性下降可提示语言功能受损；若语言障碍为早期主导表现，需要同时考虑非典型AD和额颞叶变性相关疾病。
AD_INPUT_CN_0058,想说的话卡在嘴边,找词困难,Word-finding difficulty,language_impairment,语言功能,找词、命名或言语流畅性下降可提示语言功能受损；若语言障碍为早期主导表现，需要同时考虑非典型AD和额颞叶变性相关疾病。
AD_INPUT_CN_0059,经常用那个东西代替名字,找词困难,Word-finding difficulty,language_impairment,语言功能,找词、命名或言语流畅性下降可提示语言功能受损；若语言障碍为早期主导表现，需要同时考虑非典型AD和额颞叶变性相关疾病。
AD_INPUT_CN_0060,说话会停下来想词,找词困难,Word-finding difficulty,language_impairment,语言功能,找词、命名或言语流畅性下降可提示语言功能受损；若语言障碍为早期主导表现，需要同时考虑非典型AD和额颞叶变性相关疾病。
AD_INPUT_CN_0061,常叫不出熟悉物品的名字,命名困难,Anomia,language_impairment,语言功能,找词、命名或言语流畅性下降可提示语言功能受损；若语言障碍为早期主导表现，需要同时考虑非典型AD和额颞叶变性相关疾病。
AD_INPUT_CN_0062,看到东西说不出叫什么,命名困难,Anomia,language_impairment,语言功能,找词、命名或言语流畅性下降可提示语言功能受损；若语言障碍为早期主导表现，需要同时考虑非典型AD和额颞叶变性相关疾病。
AD_INPUT_CN_0063,熟人的名字一时想不起来,命名困难,Anomia,language_impairment,语言功能,找词、命名或言语流畅性下降可提示语言功能受损；若语言障碍为早期主导表现，需要同时考虑非典型AD和额颞叶变性相关疾病。
AD_INPUT_CN_0064,命名物品明显变困难,命名困难,Anomia,language_impairment,语言功能,找词、命名或言语流畅性下降可提示语言功能受损；若语言障碍为早期主导表现，需要同时考虑非典型AD和额颞叶变性相关疾病。
AD_INPUT_CN_0065,说话没有以前顺畅,言语流畅性下降,Reduced verbal fluency,language_impairment,语言功能,找词、命名或言语流畅性下降可提示语言功能受损；若语言障碍为早期主导表现，需要同时考虑非典型AD和额颞叶变性相关疾病。
AD_INPUT_CN_0066,表达变慢、停顿变多,言语流畅性下降,Reduced verbal fluency,language_impairment,语言功能,找词、命名或言语流畅性下降可提示语言功能受损；若语言障碍为早期主导表现，需要同时考虑非典型AD和额颞叶变性相关疾病。
AD_INPUT_CN_0067,一句话说得断断续续,言语流畅性下降,Reduced verbal fluency,language_impairment,语言功能,找词、命名或言语流畅性下降可提示语言功能受损；若语言障碍为早期主导表现，需要同时考虑非典型AD和额颞叶变性相关疾病。
AD_INPUT_CN_0068,聊天时词语越来越少,言语流畅性下降,Reduced verbal fluency,language_impairment,语言功能,找词、命名或言语流畅性下降可提示语言功能受损；若语言障碍为早期主导表现，需要同时考虑非典型AD和额颞叶变性相关疾病。
AD_INPUT_CN_0069,出现句子复述能力受损,句子复述能力受损,Sentence repetition impairment,language_impairment,语言功能,找词、命名或言语流畅性下降可提示语言功能受损；若语言障碍为早期主导表现，需要同时考虑非典型AD和额颞叶变性相关疾病。
AD_INPUT_CN_0070,家属反映有句子复述能力受损,句子复述能力受损,Sentence repetition impairment,language_impairment,语言功能,找词、命名或言语流畅性下降可提示语言功能受损；若语言障碍为早期主导表现，需要同时考虑非典型AD和额颞叶变性相关疾病。
AD_INPUT_CN_0071,门诊描述为句子复述能力受损,句子复述能力受损,Sentence repetition impairment,language_impairment,语言功能,找词、命名或言语流畅性下降可提示语言功能受损；若语言障碍为早期主导表现，需要同时考虑非典型AD和额颞叶变性相关疾病。
AD_INPUT_CN_0072,别人说复杂一点就听不懂,语言理解受损,Language comprehension impairment,language_impairment,语言功能,找词、命名或言语流畅性下降可提示语言功能受损；若语言障碍为早期主导表现，需要同时考虑非典型AD和额颞叶变性相关疾病。
AD_INPUT_CN_0073,需要反复解释才明白,语言理解受损,Language comprehension impairment,language_impairment,语言功能,找词、命名或言语流畅性下降可提示语言功能受损；若语言障碍为早期主导表现，需要同时考虑非典型AD和额颞叶变性相关疾病。
AD_INPUT_CN_0074,听指令容易理解错,语言理解受损,Language comprehension impairment,language_impairment,语言功能,找词、命名或言语流畅性下降可提示语言功能受损；若语言障碍为早期主导表现，需要同时考虑非典型AD和额颞叶变性相关疾病。
AD_INPUT_CN_0075,对话理解变困难,语言理解受损,Language comprehension impairment,language_impairment,语言功能,找词、命名或言语流畅性下降可提示语言功能受损；若语言障碍为早期主导表现，需要同时考虑非典型AD和额颞叶变性相关疾病。
AD_INPUT_CN_0076,出现言语迟缓或犹豫,言语迟缓或犹豫,Hesitant speech,language_impairment,语言功能,找词、命名或言语流畅性下降可提示语言功能受损；若语言障碍为早期主导表现，需要同时考虑非典型AD和额颞叶变性相关疾病。
AD_INPUT_CN_0077,家属反映有言语迟缓或犹豫,言语迟缓或犹豫,Hesitant speech,language_impairment,语言功能,找词、命名或言语流畅性下降可提示语言功能受损；若语言障碍为早期主导表现，需要同时考虑非典型AD和额颞叶变性相关疾病。
AD_INPUT_CN_0078,门诊描述为言语迟缓或犹豫,言语迟缓或犹豫,Hesitant speech,language_impairment,语言功能,找词、命名或言语流畅性下降可提示语言功能受损；若语言障碍为早期主导表现，需要同时考虑非典型AD和额颞叶变性相关疾病。
AD_INPUT_CN_0079,出现视觉空间能力受损,视觉空间能力受损,Visuospatial impairment,visuospatial_impairment,视觉空间功能,导航困难、熟悉地点迷路或空间判断下降提示视觉空间能力受损，可见于AD相关认知损害或后部皮质受累表现。
AD_INPUT_CN_0080,家属反映有视觉空间能力受损,视觉空间能力受损,Visuospatial impairment,visuospatial_impairment,视觉空间功能,导航困难、熟悉地点迷路或空间判断下降提示视觉空间能力受损，可见于AD相关认知损害或后部皮质受累表现。
AD_INPUT_CN_0081,门诊描述为视觉空间能力受损,视觉空间能力受损,Visuospatial impairment,visuospatial_impairment,视觉空间功能,导航困难、熟悉地点迷路或空间判断下降提示视觉空间能力受损，可见于AD相关认知损害或后部皮质受累表现。
AD_INPUT_CN_0082,出现空间导航困难,空间导航困难,Navigation difficulty,visuospatial_impairment,视觉空间功能,导航困难、熟悉地点迷路或空间判断下降提示视觉空间能力受损，可见于AD相关认知损害或后部皮质受累表现。
AD_INPUT_CN_0083,家属反映有空间导航困难,空间导航困难,Navigation difficulty,visuospatial_impairment,视觉空间功能,导航困难、熟悉地点迷路或空间判断下降提示视觉空间能力受损，可见于AD相关认知损害或后部皮质受累表现。
AD_INPUT_CN_0084,门诊描述为空间导航困难,空间导航困难,Navigation difficulty,visuospatial_impairment,视觉空间功能,导航困难、熟悉地点迷路或空间判断下降提示视觉空间能力受损，可见于AD相关认知损害或后部皮质受累表现。
AD_INPUT_CN_0085,分不清自己在什么位置,地形定向障碍,Topographical disorientation,visuospatial_impairment,视觉空间功能,导航困难、熟悉地点迷路或空间判断下降提示视觉空间能力受损，可见于AD相关认知损害或后部皮质受累表现。
AD_INPUT_CN_0086,熟悉街区也会迷失方向,地形定向障碍,Topographical disorientation,visuospatial_impairment,视觉空间功能,导航困难、熟悉地点迷路或空间判断下降提示视觉空间能力受损，可见于AD相关认知损害或后部皮质受累表现。
AD_INPUT_CN_0087,到常去的地方也找不到路,地形定向障碍,Topographical disorientation,visuospatial_impairment,视觉空间功能,导航困难、熟悉地点迷路或空间判断下降提示视觉空间能力受损，可见于AD相关认知损害或后部皮质受累表现。
AD_INPUT_CN_0088,走到熟悉地方也不知道怎么回去,地形定向障碍,Topographical disorientation,visuospatial_impairment,视觉空间功能,导航困难、熟悉地点迷路或空间判断下降提示视觉空间能力受损，可见于AD相关认知损害或后部皮质受累表现。
AD_INPUT_CN_0089,看东西容易认错,视觉感知受损,Visuoperceptual impairment,visuospatial_impairment,视觉空间功能,导航困难、熟悉地点迷路或空间判断下降提示视觉空间能力受损，可见于AD相关认知损害或后部皮质受累表现。
AD_INPUT_CN_0090,复杂画面看不清楚重点,视觉感知受损,Visuoperceptual impairment,visuospatial_impairment,视觉空间功能,导航困难、熟悉地点迷路或空间判断下降提示视觉空间能力受损，可见于AD相关认知损害或后部皮质受累表现。
AD_INPUT_CN_0091,看见物品但判断不准,视觉感知受损,Visuoperceptual impairment,visuospatial_impairment,视觉空间功能,导航困难、熟悉地点迷路或空间判断下降提示视觉空间能力受损，可见于AD相关认知损害或后部皮质受累表现。
AD_INPUT_CN_0092,视觉识别比以前差,视觉感知受损,Visuoperceptual impairment,visuospatial_impairment,视觉空间功能,导航困难、熟悉地点迷路或空间判断下降提示视觉空间能力受损，可见于AD相关认知损害或后部皮质受累表现。
AD_INPUT_CN_0093,停车或摆放东西距离判断不准,空间判断能力下降,Spatial judgment impairment,visuospatial_impairment,视觉空间功能,导航困难、熟悉地点迷路或空间判断下降提示视觉空间能力受损，可见于AD相关认知损害或后部皮质受累表现。
AD_INPUT_CN_0094,上下楼梯时空间判断差,空间判断能力下降,Spatial judgment impairment,visuospatial_impairment,视觉空间功能,导航困难、熟悉地点迷路或空间判断下降提示视觉空间能力受损，可见于AD相关认知损害或后部皮质受累表现。
AD_INPUT_CN_0095,拿杯子容易碰倒,空间判断能力下降,Spatial judgment impairment,visuospatial_impairment,视觉空间功能,导航困难、熟悉地点迷路或空间判断下降提示视觉空间能力受损，可见于AD相关认知损害或后部皮质受累表现。
AD_INPUT_CN_0096,走路容易撞到旁边物体,空间判断能力下降,Spatial judgment impairment,visuospatial_impairment,视觉空间功能,导航困难、熟悉地点迷路或空间判断下降提示视觉空间能力受损，可见于AD相关认知损害或后部皮质受累表现。
AD_INPUT_CN_0097,以看东西和空间判断困难为主,后皮质萎缩表型,Posterior cortical atrophy phenotype,visuospatial_impairment,视觉空间功能,导航困难、熟悉地点迷路或空间判断下降提示视觉空间能力受损，可见于AD相关认知损害或后部皮质受累表现。
AD_INPUT_CN_0098,主要表现为视觉空间处理变差,后皮质萎缩表型,Posterior cortical atrophy phenotype,visuospatial_impairment,视觉空间功能,导航困难、熟悉地点迷路或空间判断下降提示视觉空间能力受损，可见于AD相关认知损害或后部皮质受累表现。
AD_INPUT_CN_0099,读字看物和找方向都变困难,后皮质萎缩表型,Posterior cortical atrophy phenotype,visuospatial_impairment,视觉空间功能,导航困难、熟悉地点迷路或空间判断下降提示视觉空间能力受损，可见于AD相关认知损害或后部皮质受累表现。
AD_INPUT_CN_0100,视觉相关问题比记忆问题更突出,后皮质萎缩表型,Posterior cortical atrophy phenotype,visuospatial_impairment,视觉空间功能,导航困难、熟悉地点迷路或空间判断下降提示视觉空间能力受损，可见于AD相关认知损害或后部皮质受累表现。
AD_INPUT_CN_0101,做饭、购物、管钱这些事变困难,工具性日常生活能力受损,Instrumental ADL impairment,functional_decline,日常生活能力,日常生活能力下降是区分MCI与痴呆阶段的重要依据，尤其应评估工具性和基本日常生活活动受损程度。
AD_INPUT_CN_0102,复杂日常事务需要家属帮忙,工具性日常生活能力受损,Instrumental ADL impairment,functional_decline,日常生活能力,日常生活能力下降是区分MCI与痴呆阶段的重要依据，尤其应评估工具性和基本日常生活活动受损程度。
AD_INPUT_CN_0103,以前能独立完成的生活事务现在做不好,工具性日常生活能力受损,Instrumental ADL impairment,functional_decline,日常生活能力,日常生活能力下降是区分MCI与痴呆阶段的重要依据，尤其应评估工具性和基本日常生活活动受损程度。
AD_INPUT_CN_0104,家里日常安排开始依赖别人,工具性日常生活能力受损,Instrumental ADL impairment,functional_decline,日常生活能力,日常生活能力下降是区分MCI与痴呆阶段的重要依据，尤其应评估工具性和基本日常生活活动受损程度。
AD_INPUT_CN_0105,经常忘记吃药或吃重复,用药管理困难,Medication management difficulty,functional_decline,日常生活能力,日常生活能力下降是区分MCI与痴呆阶段的重要依据，尤其应评估工具性和基本日常生活活动受损程度。
AD_INPUT_CN_0106,药盒不会按时整理,用药管理困难,Medication management difficulty,functional_decline,日常生活能力,日常生活能力下降是区分MCI与痴呆阶段的重要依据，尤其应评估工具性和基本日常生活活动受损程度。
AD_INPUT_CN_0107,需要家属提醒用药,用药管理困难,Medication management difficulty,functional_decline,日常生活能力,日常生活能力下降是区分MCI与痴呆阶段的重要依据，尤其应评估工具性和基本日常生活活动受损程度。
AD_INPUT_CN_0108,药怎么吃最近总弄错,用药管理困难,Medication management difficulty,functional_decline,日常生活能力,日常生活能力下降是区分MCI与痴呆阶段的重要依据，尤其应评估工具性和基本日常生活活动受损程度。
AD_INPUT_CN_0109,做饭步骤容易乱,烹饪或备餐困难,Cooking difficulty,functional_decline,日常生活能力,日常生活能力下降是区分MCI与痴呆阶段的重要依据，尤其应评估工具性和基本日常生活活动受损程度。
AD_INPUT_CN_0110,烧菜时常忘记已经放过什么,烹饪或备餐困难,Cooking difficulty,functional_decline,日常生活能力,日常生活能力下降是区分MCI与痴呆阶段的重要依据，尤其应评估工具性和基本日常生活活动受损程度。
AD_INPUT_CN_0111,准备饭菜变得吃力,烹饪或备餐困难,Cooking difficulty,functional_decline,日常生活能力,日常生活能力下降是区分MCI与痴呆阶段的重要依据，尤其应评估工具性和基本日常生活活动受损程度。
AD_INPUT_CN_0112,做饭需要别人看着,烹饪或备餐困难,Cooking difficulty,functional_decline,日常生活能力,日常生活能力下降是区分MCI与痴呆阶段的重要依据，尤其应评估工具性和基本日常生活活动受损程度。
AD_INPUT_CN_0113,一个人坐车容易弄错路线,独立出行或交通使用困难,Transportation difficulty,functional_decline,日常生活能力,日常生活能力下降是区分MCI与痴呆阶段的重要依据，尤其应评估工具性和基本日常生活活动受损程度。
AD_INPUT_CN_0114,外出不敢自己走,独立出行或交通使用困难,Transportation difficulty,functional_decline,日常生活能力,日常生活能力下降是区分MCI与痴呆阶段的重要依据，尤其应评估工具性和基本日常生活活动受损程度。
AD_INPUT_CN_0115,不会像以前那样独立出行,独立出行或交通使用困难,Transportation difficulty,functional_decline,日常生活能力,日常生活能力下降是区分MCI与痴呆阶段的重要依据，尤其应评估工具性和基本日常生活活动受损程度。
AD_INPUT_CN_0116,坐公交或打车需要家属协助,独立出行或交通使用困难,Transportation difficulty,functional_decline,日常生活能力,日常生活能力下降是区分MCI与痴呆阶段的重要依据，尤其应评估工具性和基本日常生活活动受损程度。
AD_INPUT_CN_0117,买东西容易漏买或重复买,购物困难,Shopping difficulty,functional_decline,日常生活能力,日常生活能力下降是区分MCI与痴呆阶段的重要依据，尤其应评估工具性和基本日常生活活动受损程度。
AD_INPUT_CN_0118,购物时算不清钱,购物困难,Shopping difficulty,functional_decline,日常生活能力,日常生活能力下降是区分MCI与痴呆阶段的重要依据，尤其应评估工具性和基本日常生活活动受损程度。
AD_INPUT_CN_0119,不会按清单买东西,购物困难,Shopping difficulty,functional_decline,日常生活能力,日常生活能力下降是区分MCI与痴呆阶段的重要依据，尤其应评估工具性和基本日常生活活动受损程度。
AD_INPUT_CN_0120,超市里容易不知道该买什么,购物困难,Shopping difficulty,functional_decline,日常生活能力,日常生活能力下降是区分MCI与痴呆阶段的重要依据，尤其应评估工具性和基本日常生活活动受损程度。
AD_INPUT_CN_0121,穿衣洗漱需要人帮忙,基本日常生活能力受损,Basic ADL impairment,functional_decline,日常生活能力,日常生活能力下降是区分MCI与痴呆阶段的重要依据，尤其应评估工具性和基本日常生活活动受损程度。
AD_INPUT_CN_0122,吃饭或如厕需要照护,基本日常生活能力受损,Basic ADL impairment,functional_decline,日常生活能力,日常生活能力下降是区分MCI与痴呆阶段的重要依据，尤其应评估工具性和基本日常生活活动受损程度。
AD_INPUT_CN_0123,基本生活越来越依赖别人,基本日常生活能力受损,Basic ADL impairment,functional_decline,日常生活能力,日常生活能力下降是区分MCI与痴呆阶段的重要依据，尤其应评估工具性和基本日常生活活动受损程度。
AD_INPUT_CN_0124,洗澡穿衣这些事也做不好,基本日常生活能力受损,Basic ADL impairment,functional_decline,日常生活能力,日常生活能力下降是区分MCI与痴呆阶段的重要依据，尤其应评估工具性和基本日常生活活动受损程度。
AD_INPUT_CN_0125,出现独立生活能力下降,独立生活能力下降,Loss of independence,functional_decline,日常生活能力,日常生活能力下降是区分MCI与痴呆阶段的重要依据，尤其应评估工具性和基本日常生活活动受损程度。
AD_INPUT_CN_0126,家属反映有独立生活能力下降,独立生活能力下降,Loss of independence,functional_decline,日常生活能力,日常生活能力下降是区分MCI与痴呆阶段的重要依据，尤其应评估工具性和基本日常生活活动受损程度。
AD_INPUT_CN_0127,门诊描述为独立生活能力下降,独立生活能力下降,Loss of independence,functional_decline,日常生活能力,日常生活能力下降是区分MCI与痴呆阶段的重要依据，尤其应评估工具性和基本日常生活活动受损程度。
AD_INPUT_CN_0128,对以前喜欢的事情不感兴趣,淡漠,Apathy,behavioral_symptoms,行为精神症状,淡漠、激越、人格改变等行为精神症状可出现在AD病程中，但若早期即突出，应加强鉴别诊断。
AD_INPUT_CN_0129,整天不想做事,淡漠,Apathy,behavioral_symptoms,行为精神症状,淡漠、激越、人格改变等行为精神症状可出现在AD病程中，但若早期即突出，应加强鉴别诊断。
AD_INPUT_CN_0130,主动性明显下降,淡漠,Apathy,behavioral_symptoms,行为精神症状,淡漠、激越、人格改变等行为精神症状可出现在AD病程中，但若早期即突出，应加强鉴别诊断。
AD_INPUT_CN_0131,家属觉得他变得很淡漠,淡漠,Apathy,behavioral_symptoms,行为精神症状,淡漠、激越、人格改变等行为精神症状可出现在AD病程中，但若早期即突出，应加强鉴别诊断。
AD_INPUT_CN_0132,容易烦躁坐立不安,激越,Agitation,behavioral_symptoms,行为精神症状,淡漠、激越、人格改变等行为精神症状可出现在AD病程中，但若早期即突出，应加强鉴别诊断。
AD_INPUT_CN_0133,最近常无故发脾气,激越,Agitation,behavioral_symptoms,行为精神症状,淡漠、激越、人格改变等行为精神症状可出现在AD病程中，但若早期即突出，应加强鉴别诊断。
AD_INPUT_CN_0134,情绪激动难以安抚,激越,Agitation,behavioral_symptoms,行为精神症状,淡漠、激越、人格改变等行为精神症状可出现在AD病程中，但若早期即突出，应加强鉴别诊断。
AD_INPUT_CN_0135,晚上或陌生环境下特别焦躁,激越,Agitation,behavioral_symptoms,行为精神症状,淡漠、激越、人格改变等行为精神症状可出现在AD病程中，但若早期即突出，应加强鉴别诊断。
AD_INPUT_CN_0136,出现人格或行为方式改变,人格或行为方式改变,Personality change,behavioral_symptoms,行为精神症状,淡漠、激越、人格改变等行为精神症状可出现在AD病程中，但若早期即突出，应加强鉴别诊断。
AD_INPUT_CN_0137,家属反映有人格或行为方式改变,人格或行为方式改变,Personality change,behavioral_symptoms,行为精神症状,淡漠、激越、人格改变等行为精神症状可出现在AD病程中，但若早期即突出，应加强鉴别诊断。
AD_INPUT_CN_0138,门诊描述为人格或行为方式改变,人格或行为方式改变,Personality change,behavioral_symptoms,行为精神症状,淡漠、激越、人格改变等行为精神症状可出现在AD病程中，但若早期即突出，应加强鉴别诊断。
AD_INPUT_CN_0139,情绪低落、兴趣下降,抑郁症状,Depressive symptoms,behavioral_symptoms,行为精神症状,淡漠、激越、人格改变等行为精神症状可出现在AD病程中，但若早期即突出，应加强鉴别诊断。
AD_INPUT_CN_0140,总觉得没意思,抑郁症状,Depressive symptoms,behavioral_symptoms,行为精神症状,淡漠、激越、人格改变等行为精神症状可出现在AD病程中，但若早期即突出，应加强鉴别诊断。
AD_INPUT_CN_0141,不愿出门也不愿交流,抑郁症状,Depressive symptoms,behavioral_symptoms,行为精神症状,淡漠、激越、人格改变等行为精神症状可出现在AD病程中，但若早期即突出，应加强鉴别诊断。
AD_INPUT_CN_0142,最近明显闷闷不乐,抑郁症状,Depressive symptoms,behavioral_symptoms,行为精神症状,淡漠、激越、人格改变等行为精神症状可出现在AD病程中，但若早期即突出，应加强鉴别诊断。
AD_INPUT_CN_0143,总怀疑别人偷东西,妄想,Delusions,behavioral_symptoms,行为精神症状,淡漠、激越、人格改变等行为精神症状可出现在AD病程中，但若早期即突出，应加强鉴别诊断。
AD_INPUT_CN_0144,认为家人害他或骗他,妄想,Delusions,behavioral_symptoms,行为精神症状,淡漠、激越、人格改变等行为精神症状可出现在AD病程中，但若早期即突出，应加强鉴别诊断。
AD_INPUT_CN_0145,坚持一些没有根据的想法,妄想,Delusions,behavioral_symptoms,行为精神症状,淡漠、激越、人格改变等行为精神症状可出现在AD病程中，但若早期即突出，应加强鉴别诊断。
AD_INPUT_CN_0146,怀疑配偶或邻居有问题,妄想,Delusions,behavioral_symptoms,行为精神症状,淡漠、激越、人格改变等行为精神症状可出现在AD病程中，但若早期即突出，应加强鉴别诊断。
AD_INPUT_CN_0147,会看到别人看不到的东西,幻觉,Hallucinations,behavioral_symptoms,行为精神症状,淡漠、激越、人格改变等行为精神症状可出现在AD病程中，但若早期即突出，应加强鉴别诊断。
AD_INPUT_CN_0148,说屋里有人但别人没看到,幻觉,Hallucinations,behavioral_symptoms,行为精神症状,淡漠、激越、人格改变等行为精神症状可出现在AD病程中，但若早期即突出，应加强鉴别诊断。
AD_INPUT_CN_0149,听到或看到不存在的内容,幻觉,Hallucinations,behavioral_symptoms,行为精神症状,淡漠、激越、人格改变等行为精神症状可出现在AD病程中，但若早期即突出，应加强鉴别诊断。
AD_INPUT_CN_0150,描述不存在的人或影像,幻觉,Hallucinations,behavioral_symptoms,行为精神症状,淡漠、激越、人格改变等行为精神症状可出现在AD病程中，但若早期即突出，应加强鉴别诊断。
AD_INPUT_CN_0151,注意力很难集中,注意功能受损,Attentional impairment,attention_impairment,注意功能,注意维持和集中能力下降需要结合起病方式和波动性判断，急性或明显波动时应优先排除谵妄、路易体痴呆等情况。
AD_INPUT_CN_0152,说话时容易走神,注意功能受损,Attentional impairment,attention_impairment,注意功能,注意维持和集中能力下降需要结合起病方式和波动性判断，急性或明显波动时应优先排除谵妄、路易体痴呆等情况。
AD_INPUT_CN_0153,做事经常被打断后接不上,注意功能受损,Attentional impairment,attention_impairment,注意功能,注意维持和集中能力下降需要结合起病方式和波动性判断，急性或明显波动时应优先排除谵妄、路易体痴呆等情况。
AD_INPUT_CN_0154,看电视或聊天不能持续注意,注意功能受损,Attentional impairment,attention_impairment,注意功能,注意维持和集中能力下降需要结合起病方式和波动性判断，急性或明显波动时应优先排除谵妄、路易体痴呆等情况。
AD_INPUT_CN_0155,看东西时容易漏掉一部分,视觉注意受损,Visual attention impairment,attention_impairment,注意功能,注意维持和集中能力下降需要结合起病方式和波动性判断，急性或明显波动时应优先排除谵妄、路易体痴呆等情况。
AD_INPUT_CN_0156,在复杂场景里找不到目标,视觉注意受损,Visual attention impairment,attention_impairment,注意功能,注意维持和集中能力下降需要结合起病方式和波动性判断，急性或明显波动时应优先排除谵妄、路易体痴呆等情况。
AD_INPUT_CN_0157,视觉搜索变慢,视觉注意受损,Visual attention impairment,attention_impairment,注意功能,注意维持和集中能力下降需要结合起病方式和波动性判断，急性或明显波动时应优先排除谵妄、路易体痴呆等情况。
AD_INPUT_CN_0158,看图或找物品时注意力跟不上,视觉注意受损,Visual attention impairment,attention_impairment,注意功能,注意维持和集中能力下降需要结合起病方式和波动性判断，急性或明显波动时应优先排除谵妄、路易体痴呆等情况。
